session_id,start_s,end_s,rater_a_original,rater_b_original,rater_a_coarse,rater_b_coarse,machine_coarse,rater_a_neutral_six,rater_b_neutral_six,machine_neutral_six
S015,196,197,gaze,gaze,low_head_motion,low_head_motion,low_head_motion,low_motion_rule,low_motion_rule,residual_rule_output
S015,197,198,gaze,gaze,low_head_motion,low_head_motion,low_head_motion,low_motion_rule,low_motion_rule,residual_rule_output
S015,198,199,gaze,gaze,low_head_motion,low_head_motion,low_head_motion,low_motion_rule,low_motion_rule,residual_rule_output
S015,199,200,gaze,gaze,low_head_motion,low_head_motion,low_head_motion,low_motion_rule,low_motion_rule,residual_rule_output
S015,200,201,gaze,gaze,low_head_motion,low_head_motion,low_head_motion,low_motion_rule,low_motion_rule,residual_rule_output
S015,201,202,gaze,gaze,low_head_motion,low_head_motion,low_head_motion,low_motion_rule,low_motion_rule,residual_rule_output
S015,202,203,gaze,gaze,low_head_motion,low_head_motion,low_head_motion,low_motion_rule,low_motion_rule,residual_rule_output
S015,203,204,gaze,gaze,low_head_motion,low_head_motion,low_head_motion,low_motion_rule,low_motion_rule,residual_rule_output
S015,204,205,gaze,gaze,low_head_motion,low_head_motion,low_head_motion,low_motion_rule,low_motion_rule,residual_rule_output
S015,205,206,gaze,gaze,low_head_motion,low_head_motion,low_head_motion,low_motion_rule,low_motion_rule,residual_rule_output
S015,206,207,gaze,gaze,low_head_motion,low_head_motion,low_head_motion,low_motion_rule,low_motion_rule,residual_rule_output
S015,207,208,gaze,gaze,low_head_motion,low_head_motion,low_head_motion,low_motion_rule,low_motion_rule,residual_rule_output
S015,208,209,gaze,idle,low_head_motion,low_head_motion,low_head_motion,low_motion_rule,residual_rule_output,residual_rule_output
S015,209,210,gaze,idle,low_head_motion,low_head_motion,low_head_motion,low_motion_rule,residual_rule_output,residual_rule_output
S015,210,211,gaze,gaze,low_head_motion,low_head_motion,low_head_motion,low_motion_rule,low_motion_rule,residual_rule_output
S015,211,212,gaze,gaze,low_head_motion,low_head_motion,low_head_motion,low_motion_rule,low_motion_rule,residual_rule_output
S015,212,213,gaze,gaze,low_head_motion,low_head_motion,low_head_motion,low_motion_rule,low_motion_rule,residual_rule_output
S015,214,215,gaze,gaze,low_head_motion,low_head_motion,low_head_motion,low_motion_rule,low_motion_rule,residual_rule_output
S015,215,216,gaze,gaze,low_head_motion,low_head_motion,low_head_motion,low_motion_rule,low_motion_rule,residual_rule_output
S015,216,217,gaze,gaze,low_head_motion,low_head_motion,low_head_motion,low_motion_rule,low_motion_rule,residual_rule_output
S015,217,218,gaze,gaze,low_head_motion,low_head_motion,low_head_motion,low_motion_rule,low_motion_rule,residual_rule_output
S015,218,219,gaze,gaze,low_head_motion,low_head_motion,low_head_motion,low_motion_rule,low_motion_rule,residual_rule_output
S015,219,220,gaze,gaze,low_head_motion,low_head_motion,low_head_motion,low_motion_rule,low_motion_rule,residual_rule_output
S015,220,221,gaze,gaze,low_head_motion,low_head_motion,low_head_motion,low_motion_rule,low_motion_rule,residual_rule_output
S015,221,222,gaze,gaze,low_head_motion,low_head_motion,low_head_motion,low_motion_rule,low_motion_rule,residual_rule_output
S015,222,223,gaze,gaze,low_head_motion,low_head_motion,low_head_motion,low_motion_rule,low_motion_rule,residual_rule_output
S015,223,224,gaze,gaze,low_head_motion,low_head_motion,low_head_motion,low_motion_rule,low_motion_rule,residual_rule_output
S015,224,225,gaze,gaze,low_head_motion,low_head_motion,low_head_motion,low_motion_rule,low_motion_rule,residual_rule_output
S015,225,226,gaze,gaze,low_head_motion,low_head_motion,low_head_motion,low_motion_rule,low_motion_rule,residual_rule_output
S015,226,227,gaze,gaze,low_head_motion,low_head_motion,low_head_motion,low_motion_rule,low_motion_rule,residual_rule_output
S015,227,228,gaze,gaze,low_head_motion,low_head_motion,low_head_motion,low_motion_rule,low_motion_rule,residual_rule_output
S015,228,229,gaze,gaze,low_head_motion,low_head_motion,ordinary_head_motion,low_motion_rule,low_motion_rule,moderate_turn_rule
S015,229,230,gaze,gaze,low_head_motion,low_head_motion,ordinary_head_motion,low_motion_rule,low_motion_rule,moderate_turn_rule
S015,230,231,gaze,gaze,low_head_motion,low_head_motion,ordinary_head_motion,low_motion_rule,low_motion_rule,residual_rule_output
S015,231,232,gaze,gaze,low_head_motion,low_head_motion,ordinary_head_motion,low_motion_rule,low_motion_rule,residual_rule_output
S015,232,233,gaze,gaze,low_head_motion,low_head_motion,low_head_motion,low_motion_rule,low_motion_rule,residual_rule_output
S015,233,234,gaze,gaze,low_head_motion,low_head_motion,low_head_motion,low_motion_rule,low_motion_rule,residual_rule_output
S015,234,235,gaze,gaze,low_head_motion,low_head_motion,low_head_motion,low_motion_rule,low_motion_rule,residual_rule_output
S015,235,236,gaze,gaze,low_head_motion,low_head_motion,low_head_motion,low_motion_rule,low_motion_rule,residual_rule_output
S015,236,237,head_turn,head_turn,ordinary_head_motion,ordinary_head_motion,ordinary_head_motion,moderate_turn_rule,moderate_turn_rule,moderate_turn_rule
S015,237,238,head_turn,head_turn,ordinary_head_motion,ordinary_head_motion,ordinary_head_motion,moderate_turn_rule,moderate_turn_rule,residual_rule_output
S015,238,239,gaze,idle,low_head_motion,low_head_motion,ordinary_head_motion,low_motion_rule,residual_rule_output,residual_rule_output
S015,239,240,head_turn,gaze,ordinary_head_motion,low_head_motion,ordinary_head_motion,moderate_turn_rule,low_motion_rule,moderate_turn_rule
S015,240,241,head_turn,gaze,ordinary_head_motion,low_head_motion,ordinary_head_motion,moderate_turn_rule,low_motion_rule,moderate_turn_rule
S015,241,242,gaze,gaze,low_head_motion,low_head_motion,ordinary_head_motion,low_motion_rule,low_motion_rule,moderate_turn_rule
S015,242,243,gaze,gaze,low_head_motion,low_head_motion,low_head_motion,low_motion_rule,low_motion_rule,residual_rule_output
S015,244,245,gaze,head_turn,low_head_motion,ordinary_head_motion,low_head_motion,low_motion_rule,moderate_turn_rule,residual_rule_output
S015,245,246,head_turn,head_turn,ordinary_head_motion,ordinary_head_motion,low_head_motion,moderate_turn_rule,moderate_turn_rule,residual_rule_output
S015,246,247,idle,gaze,low_head_motion,low_head_motion,ordinary_head_motion,residual_rule_output,low_motion_rule,residual_rule_output
S015,247,248,head_turn,head_turn,ordinary_head_motion,ordinary_head_motion,ordinary_head_motion,moderate_turn_rule,moderate_turn_rule,moderate_turn_rule
S017,139,140,gaze,gaze,low_head_motion,low_head_motion,low_head_motion,low_motion_rule,low_motion_rule,residual_rule_output
S017,140,141,gaze,gaze,low_head_motion,low_head_motion,ordinary_head_motion,low_motion_rule,low_motion_rule,residual_rule_output
S017,141,142,head_turn,head_turn,ordinary_head_motion,ordinary_head_motion,ordinary_head_motion,moderate_turn_rule,moderate_turn_rule,moderate_turn_rule
S017,142,143,head_turn,gaze,ordinary_head_motion,low_head_motion,ordinary_head_motion,moderate_turn_rule,low_motion_rule,moderate_turn_rule
S017,143,144,head_turn,head_turn,ordinary_head_motion,ordinary_head_motion,rapid_head_motion,moderate_turn_rule,moderate_turn_rule,rapid_turn_rule
S017,144,145,head_turn,head_turn,ordinary_head_motion,ordinary_head_motion,rapid_head_motion,moderate_turn_rule,moderate_turn_rule,rapid_turn_rule
S017,145,146,head_turn,head_turn,ordinary_head_motion,ordinary_head_motion,rapid_head_motion,moderate_turn_rule,moderate_turn_rule,rapid_turn_rule
S017,146,147,gaze,head_turn,low_head_motion,ordinary_head_motion,ordinary_head_motion,low_motion_rule,moderate_turn_rule,moderate_turn_rule
S017,148,149,head_turn,head_turn,ordinary_head_motion,ordinary_head_motion,ordinary_head_motion,moderate_turn_rule,moderate_turn_rule,moderate_turn_rule
S017,149,150,head_turn,head_turn,ordinary_head_motion,ordinary_head_motion,ordinary_head_motion,moderate_turn_rule,moderate_turn_rule,moderate_turn_rule
S017,150,151,head_turn,head_turn,ordinary_head_motion,ordinary_head_motion,ordinary_head_motion,moderate_turn_rule,moderate_turn_rule,moderate_turn_rule
S017,151,152,head_turn,head_turn,ordinary_head_motion,ordinary_head_motion,low_head_motion,moderate_turn_rule,moderate_turn_rule,residual_rule_output
S017,152,153,gaze,head_turn,low_head_motion,ordinary_head_motion,low_head_motion,low_motion_rule,moderate_turn_rule,residual_rule_output
S017,153,154,gaze,gaze,low_head_motion,low_head_motion,low_head_motion,low_motion_rule,low_motion_rule,residual_rule_output
S017,154,155,gaze,gaze,low_head_motion,low_head_motion,low_head_motion,low_motion_rule,low_motion_rule,residual_rule_output
S017,155,156,head_turn,gaze,ordinary_head_motion,low_head_motion,low_head_motion,moderate_turn_rule,low_motion_rule,residual_rule_output
S017,156,157,gaze,gaze,low_head_motion,low_head_motion,low_head_motion,low_motion_rule,low_motion_rule,residual_rule_output
S017,157,158,gaze,gaze,low_head_motion,low_head_motion,low_head_motion,low_motion_rule,low_motion_rule,residual_rule_output
S017,158,159,gaze,gaze,low_head_motion,low_head_motion,low_head_motion,low_motion_rule,low_motion_rule,residual_rule_output
S017,159,160,gaze,gaze,low_head_motion,low_head_motion,low_head_motion,low_motion_rule,low_motion_rule,residual_rule_output
S017,160,161,gaze,gaze,low_head_motion,low_head_motion,low_head_motion,low_motion_rule,low_motion_rule,residual_rule_output
S017,161,162,gaze,gaze,low_head_motion,low_head_motion,low_head_motion,low_motion_rule,low_motion_rule,residual_rule_output
S017,162,163,gaze,gaze,low_head_motion,low_head_motion,low_head_motion,low_motion_rule,low_motion_rule,residual_rule_output
S017,163,164,gaze,gaze,low_head_motion,low_head_motion,low_head_motion,low_motion_rule,low_motion_rule,residual_rule_output
S017,164,165,gaze,gaze,low_head_motion,low_head_motion,low_head_motion,low_motion_rule,low_motion_rule,residual_rule_output
S017,165,166,gaze,gaze,low_head_motion,low_head_motion,low_head_motion,low_motion_rule,low_motion_rule,residual_rule_output
S017,166,167,gaze,idle,low_head_motion,low_head_motion,low_head_motion,low_motion_rule,residual_rule_output,residual_rule_output
S017,167,168,gaze,gaze,low_head_motion,low_head_motion,low_head_motion,low_motion_rule,low_motion_rule,residual_rule_output
S017,168,169,gaze,gaze,low_head_motion,low_head_motion,low_head_motion,low_motion_rule,low_motion_rule,residual_rule_output
S017,169,170,gaze,gaze,low_head_motion,low_head_motion,low_head_motion,low_motion_rule,low_motion_rule,residual_rule_output
S017,170,171,gaze,gaze,low_head_motion,low_head_motion,low_head_motion,low_motion_rule,low_motion_rule,residual_rule_output
S017,171,172,gaze,gaze,low_head_motion,low_head_motion,low_head_motion,low_motion_rule,low_motion_rule,residual_rule_output
S017,172,173,gaze,gaze,low_head_motion,low_head_motion,low_head_motion,low_motion_rule,low_motion_rule,residual_rule_output
S017,173,174,head_turn,gaze,ordinary_head_motion,low_head_motion,low_head_motion,moderate_turn_rule,low_motion_rule,residual_rule_output
S017,174,175,head_turn,head_turn,ordinary_head_motion,ordinary_head_motion,low_head_motion,moderate_turn_rule,moderate_turn_rule,residual_rule_output
S017,175,176,gaze,gaze,low_head_motion,low_head_motion,low_head_motion,low_motion_rule,low_motion_rule,residual_rule_output
S017,176,177,gaze,gaze,low_head_motion,low_head_motion,low_head_motion,low_motion_rule,low_motion_rule,residual_rule_output
S017,178,179,gaze,gaze,low_head_motion,low_head_motion,low_head_motion,low_motion_rule,low_motion_rule,residual_rule_output
S017,179,180,gaze,gaze,low_head_motion,low_head_motion,low_head_motion,low_motion_rule,low_motion_rule,residual_rule_output
S017,180,181,head_turn,gaze,ordinary_head_motion,low_head_motion,low_head_motion,moderate_turn_rule,low_motion_rule,residual_rule_output
S017,181,182,head_turn,head_turn,ordinary_head_motion,ordinary_head_motion,low_head_motion,moderate_turn_rule,moderate_turn_rule,residual_rule_output
S017,182,183,gaze,head_turn,low_head_motion,ordinary_head_motion,low_head_motion,low_motion_rule,moderate_turn_rule,residual_rule_output
S017,183,184,head_turn,gaze,ordinary_head_motion,low_head_motion,low_head_motion,moderate_turn_rule,low_motion_rule,residual_rule_output
S017,184,185,gaze,gaze,low_head_motion,low_head_motion,low_head_motion,low_motion_rule,low_motion_rule,residual_rule_output
S017,185,186,gaze,gaze,low_head_motion,low_head_motion,low_head_motion,low_motion_rule,low_motion_rule,residual_rule_output
S017,186,187,head_turn,gaze,ordinary_head_motion,low_head_motion,low_head_motion,moderate_turn_rule,low_motion_rule,residual_rule_output
S017,187,188,head_turn,gaze,ordinary_head_motion,low_head_motion,low_head_motion,moderate_turn_rule,low_motion_rule,residual_rule_output
S017,188,189,head_turn,gaze,ordinary_head_motion,low_head_motion,low_head_motion,moderate_turn_rule,low_motion_rule,residual_rule_output
S017,189,190,gaze,gaze,low_head_motion,low_head_motion,low_head_motion,low_motion_rule,low_motion_rule,residual_rule_output
S017,190,191,gaze,gaze,low_head_motion,low_head_motion,low_head_motion,low_motion_rule,low_motion_rule,residual_rule_output
S017,191,192,gaze,gaze,low_head_motion,low_head_motion,low_head_motion,low_motion_rule,low_motion_rule,residual_rule_output
S017,192,193,gaze,head_turn,low_head_motion,ordinary_head_motion,ordinary_head_motion,low_motion_rule,moderate_turn_rule,moderate_turn_rule
S017,193,194,gaze,gaze,low_head_motion,low_head_motion,low_head_motion,low_motion_rule,low_motion_rule,residual_rule_output
S017,194,195,gaze,gaze,low_head_motion,low_head_motion,low_head_motion,low_motion_rule,low_motion_rule,residual_rule_output
S017,195,196,gaze,head_turn,low_head_motion,ordinary_head_motion,ordinary_head_motion,low_motion_rule,moderate_turn_rule,moderate_turn_rule
S017,196,197,gaze,head_turn,low_head_motion,ordinary_head_motion,ordinary_head_motion,low_motion_rule,moderate_turn_rule,moderate_turn_rule
S017,197,198,gaze,gaze,low_head_motion,low_head_motion,ordinary_head_motion,low_motion_rule,low_motion_rule,residual_rule_output
S017,198,199,gaze,gaze,low_head_motion,low_head_motion,ordinary_head_motion,low_motion_rule,low_motion_rule,residual_rule_output
S017,199,200,gaze,gaze,low_head_motion,low_head_motion,low_head_motion,low_motion_rule,low_motion_rule,residual_rule_output
S017,200,201,gaze,gaze,low_head_motion,low_head_motion,low_head_motion,low_motion_rule,low_motion_rule,residual_rule_output
S017,201,202,gaze,gaze,low_head_motion,low_head_motion,low_head_motion,low_motion_rule,low_motion_rule,residual_rule_output
S017,202,203,gaze,gaze,low_head_motion,low_head_motion,ordinary_head_motion,low_motion_rule,low_motion_rule,residual_rule_output
S017,203,204,gaze,idle,low_head_motion,low_head_motion,low_head_motion,low_motion_rule,residual_rule_output,residual_rule_output
S017,204,205,gaze,gaze,low_head_motion,low_head_motion,low_head_motion,low_motion_rule,low_motion_rule,residual_rule_output
S017,205,206,gaze,gaze,low_head_motion,low_head_motion,low_head_motion,low_motion_rule,low_motion_rule,residual_rule_output
S017,206,207,gaze,gaze,low_head_motion,low_head_motion,low_head_motion,low_motion_rule,low_motion_rule,residual_rule_output
S017,207,208,gaze,gaze,low_head_motion,low_head_motion,low_head_motion,low_motion_rule,low_motion_rule,residual_rule_output
S017,209,210,gaze,gaze,low_head_motion,low_head_motion,low_head_motion,low_motion_rule,low_motion_rule,residual_rule_output
S017,210,211,gaze,gaze,low_head_motion,low_head_motion,low_head_motion,low_motion_rule,low_motion_rule,residual_rule_output
S017,211,212,gaze,gaze,low_head_motion,low_head_motion,low_head_motion,low_motion_rule,low_motion_rule,residual_rule_output
S017,212,213,gaze,gaze,low_head_motion,low_head_motion,low_head_motion,low_motion_rule,low_motion_rule,residual_rule_output
S017,213,214,gaze,gaze,low_head_motion,low_head_motion,low_head_motion,low_motion_rule,low_motion_rule,residual_rule_output
S017,214,215,gaze,gaze,low_head_motion,low_head_motion,low_head_motion,low_motion_rule,low_motion_rule,residual_rule_output
S017,215,216,gaze,gaze,low_head_motion,low_head_motion,low_head_motion,low_motion_rule,low_motion_rule,residual_rule_output
S017,216,217,gaze,gaze,low_head_motion,low_head_motion,ordinary_head_motion,low_motion_rule,low_motion_rule,moderate_turn_rule
S017,217,218,gaze,gaze,low_head_motion,low_head_motion,ordinary_head_motion,low_motion_rule,low_motion_rule,residual_rule_output
S018,123,124,head_turn,head_turn,ordinary_head_motion,ordinary_head_motion,ordinary_head_motion,moderate_turn_rule,moderate_turn_rule,moderate_turn_rule
S018,124,125,sudden_turn,sudden_turn,rapid_head_motion,rapid_head_motion,rapid_head_motion,rapid_turn_rule,rapid_turn_rule,rapid_turn_rule
S018,126,127,gaze,gaze,low_head_motion,low_head_motion,low_head_motion,low_motion_rule,low_motion_rule,residual_rule_output
S018,127,128,head_turn,gaze,ordinary_head_motion,low_head_motion,ordinary_head_motion,moderate_turn_rule,low_motion_rule,moderate_turn_rule
S018,128,129,gaze,head_turn,low_head_motion,ordinary_head_motion,ordinary_head_motion,low_motion_rule,moderate_turn_rule,residual_rule_output
S018,129,130,head_turn,head_turn,ordinary_head_motion,ordinary_head_motion,ordinary_head_motion,moderate_turn_rule,moderate_turn_rule,moderate_turn_rule
S018,130,131,head_turn,head_turn,ordinary_head_motion,ordinary_head_motion,ordinary_head_motion,moderate_turn_rule,moderate_turn_rule,residual_rule_output
S018,131,132,sudden_turn,head_turn,rapid_head_motion,ordinary_head_motion,rapid_head_motion,rapid_turn_rule,moderate_turn_rule,rapid_turn_rule
S018,132,133,sudden_turn,head_turn,rapid_head_motion,ordinary_head_motion,rapid_head_motion,rapid_turn_rule,moderate_turn_rule,rapid_turn_rule
S018,133,134,sudden_turn,head_turn,rapid_head_motion,ordinary_head_motion,rapid_head_motion,rapid_turn_rule,moderate_turn_rule,rapid_turn_rule
S018,134,135,sudden_turn,head_turn,rapid_head_motion,ordinary_head_motion,ordinary_head_motion,rapid_turn_rule,moderate_turn_rule,residual_rule_output
S018,135,136,head_turn,head_turn,ordinary_head_motion,ordinary_head_motion,ordinary_head_motion,moderate_turn_rule,moderate_turn_rule,residual_rule_output
S018,136,137,head_turn,head_turn,ordinary_head_motion,ordinary_head_motion,low_head_motion,moderate_turn_rule,moderate_turn_rule,residual_rule_output
S018,137,138,gaze,gaze,low_head_motion,low_head_motion,ordinary_head_motion,low_motion_rule,low_motion_rule,residual_rule_output
S018,138,139,gaze,gaze,low_head_motion,low_head_motion,low_head_motion,low_motion_rule,low_motion_rule,residual_rule_output
S018,139,140,gaze,gaze,low_head_motion,low_head_motion,low_head_motion,low_motion_rule,low_motion_rule,residual_rule_output
S018,140,141,gaze,gaze,low_head_motion,low_head_motion,low_head_motion,low_motion_rule,low_motion_rule,residual_rule_output
S018,141,142,gaze,gaze,low_head_motion,low_head_motion,low_head_motion,low_motion_rule,low_motion_rule,residual_rule_output
S018,142,143,head_turn,gaze,ordinary_head_motion,low_head_motion,low_head_motion,moderate_turn_rule,low_motion_rule,residual_rule_output
S018,143,144,gaze,gaze,low_head_motion,low_head_motion,low_head_motion,low_motion_rule,low_motion_rule,residual_rule_output
S018,144,145,head_turn,head_turn,ordinary_head_motion,ordinary_head_motion,ordinary_head_motion,moderate_turn_rule,moderate_turn_rule,moderate_turn_rule
S018,145,146,gaze,head_turn,low_head_motion,ordinary_head_motion,ordinary_head_motion,low_motion_rule,moderate_turn_rule,moderate_turn_rule
S018,146,147,gaze,gaze,low_head_motion,low_head_motion,low_head_motion,low_motion_rule,low_motion_rule,residual_rule_output
S018,147,148,head_turn,head_turn,ordinary_head_motion,ordinary_head_motion,ordinary_head_motion,moderate_turn_rule,moderate_turn_rule,moderate_turn_rule
S018,148,149,head_turn,head_turn,ordinary_head_motion,ordinary_head_motion,ordinary_head_motion,moderate_turn_rule,moderate_turn_rule,moderate_turn_rule
S018,149,150,head_turn,head_turn,ordinary_head_motion,ordinary_head_motion,ordinary_head_motion,moderate_turn_rule,moderate_turn_rule,moderate_turn_rule
S018,150,151,head_turn,gaze,ordinary_head_motion,low_head_motion,ordinary_head_motion,moderate_turn_rule,low_motion_rule,moderate_turn_rule
S018,151,152,head_turn,head_turn,ordinary_head_motion,ordinary_head_motion,ordinary_head_motion,moderate_turn_rule,moderate_turn_rule,moderate_turn_rule
S018,152,153,head_turn,head_turn,ordinary_head_motion,ordinary_head_motion,ordinary_head_motion,moderate_turn_rule,moderate_turn_rule,residual_rule_output
S018,153,154,head_turn,gaze,ordinary_head_motion,low_head_motion,ordinary_head_motion,moderate_turn_rule,low_motion_rule,moderate_turn_rule
S018,154,155,sudden_turn,sudden_turn,rapid_head_motion,rapid_head_motion,rapid_head_motion,rapid_turn_rule,rapid_turn_rule,rapid_turn_rule
S018,156,157,head_turn,head_turn,ordinary_head_motion,ordinary_head_motion,ordinary_head_motion,moderate_turn_rule,moderate_turn_rule,moderate_turn_rule
S018,157,158,head_turn,head_turn,ordinary_head_motion,ordinary_head_motion,ordinary_head_motion,moderate_turn_rule,moderate_turn_rule,residual_rule_output
S018,158,159,head_turn,head_turn,ordinary_head_motion,ordinary_head_motion,ordinary_head_motion,moderate_turn_rule,moderate_turn_rule,residual_rule_output
S018,159,160,head_turn,gaze,ordinary_head_motion,low_head_motion,ordinary_head_motion,moderate_turn_rule,low_motion_rule,moderate_turn_rule
S018,160,161,head_turn,head_turn,ordinary_head_motion,ordinary_head_motion,ordinary_head_motion,moderate_turn_rule,moderate_turn_rule,moderate_turn_rule
S018,161,162,head_turn,head_turn,ordinary_head_motion,ordinary_head_motion,ordinary_head_motion,moderate_turn_rule,moderate_turn_rule,moderate_turn_rule
S018,162,163,head_turn,head_turn,ordinary_head_motion,ordinary_head_motion,ordinary_head_motion,moderate_turn_rule,moderate_turn_rule,moderate_turn_rule
S018,163,164,gaze,idle,low_head_motion,low_head_motion,ordinary_head_motion,low_motion_rule,residual_rule_output,residual_rule_output
S018,164,165,gaze,gaze,low_head_motion,low_head_motion,low_head_motion,low_motion_rule,low_motion_rule,residual_rule_output
S018,165,166,head_turn,gaze,ordinary_head_motion,low_head_motion,ordinary_head_motion,moderate_turn_rule,low_motion_rule,moderate_turn_rule
S018,166,167,head_turn,head_turn,ordinary_head_motion,ordinary_head_motion,ordinary_head_motion,moderate_turn_rule,moderate_turn_rule,moderate_turn_rule
S018,167,168,head_turn,head_turn,ordinary_head_motion,ordinary_head_motion,ordinary_head_motion,moderate_turn_rule,moderate_turn_rule,moderate_turn_rule
S018,168,169,gaze,gaze,low_head_motion,low_head_motion,ordinary_head_motion,low_motion_rule,low_motion_rule,residual_rule_output
S018,169,170,head_turn,gaze,ordinary_head_motion,low_head_motion,ordinary_head_motion,moderate_turn_rule,low_motion_rule,moderate_turn_rule
S018,170,171,head_turn,head_turn,ordinary_head_motion,ordinary_head_motion,ordinary_head_motion,moderate_turn_rule,moderate_turn_rule,moderate_turn_rule
S018,171,172,gaze,gaze,low_head_motion,low_head_motion,ordinary_head_motion,low_motion_rule,low_motion_rule,moderate_turn_rule
S018,172,173,gaze,gaze,low_head_motion,low_head_motion,low_head_motion,low_motion_rule,low_motion_rule,residual_rule_output
S018,173,174,idle,gaze,low_head_motion,low_head_motion,ordinary_head_motion,residual_rule_output,low_motion_rule,moderate_turn_rule
S018,174,175,idle,gaze,low_head_motion,low_head_motion,low_head_motion,residual_rule_output,low_motion_rule,residual_rule_output
S018,175,176,head_turn,head_turn,ordinary_head_motion,ordinary_head_motion,ordinary_head_motion,moderate_turn_rule,moderate_turn_rule,moderate_turn_rule
S018,176,177,head_turn,head_turn,ordinary_head_motion,ordinary_head_motion,ordinary_head_motion,moderate_turn_rule,moderate_turn_rule,moderate_turn_rule
S018,177,178,head_turn,head_turn,ordinary_head_motion,ordinary_head_motion,ordinary_head_motion,moderate_turn_rule,moderate_turn_rule,moderate_turn_rule
S018,178,179,sudden_turn,head_turn,rapid_head_motion,ordinary_head_motion,rapid_head_motion,rapid_turn_rule,moderate_turn_rule,rapid_turn_rule
S018,179,180,gaze,sudden_turn,low_head_motion,rapid_head_motion,low_head_motion,low_motion_rule,rapid_turn_rule,residual_rule_output
S018,180,181,gaze,gaze,low_head_motion,low_head_motion,low_head_motion,low_motion_rule,low_motion_rule,residual_rule_output
S018,181,182,idle,gaze,low_head_motion,low_head_motion,low_head_motion,residual_rule_output,low_motion_rule,residual_rule_output
S018,182,183,idle,gaze,low_head_motion,low_head_motion,low_head_motion,residual_rule_output,low_motion_rule,residual_rule_output
S018,183,184,head_turn,head_turn,ordinary_head_motion,ordinary_head_motion,ordinary_head_motion,moderate_turn_rule,moderate_turn_rule,moderate_turn_rule
S018,184,185,head_turn,head_turn,ordinary_head_motion,ordinary_head_motion,ordinary_head_motion,moderate_turn_rule,moderate_turn_rule,moderate_turn_rule
S018,186,187,gaze,gaze,low_head_motion,low_head_motion,low_head_motion,low_motion_rule,low_motion_rule,residual_rule_output
S018,187,188,gaze,gaze,low_head_motion,low_head_motion,low_head_motion,low_motion_rule,low_motion_rule,residual_rule_output
S018,188,189,gaze,gaze,low_head_motion,low_head_motion,ordinary_head_motion,low_motion_rule,low_motion_rule,residual_rule_output
S018,189,190,idle,gaze,low_head_motion,low_head_motion,low_head_motion,residual_rule_output,low_motion_rule,residual_rule_output
S018,190,191,idle,gaze,low_head_motion,low_head_motion,low_head_motion,residual_rule_output,low_motion_rule,residual_rule_output
S018,191,192,gaze,idle,low_head_motion,low_head_motion,low_head_motion,low_motion_rule,residual_rule_output,residual_rule_output
S018,192,193,gaze,gaze,low_head_motion,low_head_motion,low_head_motion,low_motion_rule,low_motion_rule,residual_rule_output
S018,193,194,gaze,gaze,low_head_motion,low_head_motion,low_head_motion,low_motion_rule,low_motion_rule,residual_rule_output
S018,194,195,gaze,gaze,low_head_motion,low_head_motion,ordinary_head_motion,low_motion_rule,low_motion_rule,moderate_turn_rule
S018,195,196,gaze,gaze,low_head_motion,low_head_motion,low_head_motion,low_motion_rule,low_motion_rule,residual_rule_output
S018,196,197,gaze,gaze,low_head_motion,low_head_motion,low_head_motion,low_motion_rule,low_motion_rule,residual_rule_output
S018,197,198,gaze,gaze,low_head_motion,low_head_motion,low_head_motion,low_motion_rule,low_motion_rule,residual_rule_output
S018,198,199,gaze,gaze,low_head_motion,low_head_motion,low_head_motion,low_motion_rule,low_motion_rule,residual_rule_output
S018,199,200,gaze,gaze,low_head_motion,low_head_motion,low_head_motion,low_motion_rule,low_motion_rule,residual_rule_output
S018,200,201,idle,gaze,low_head_motion,low_head_motion,low_head_motion,residual_rule_output,low_motion_rule,residual_rule_output
S018,201,202,gaze,gaze,low_head_motion,low_head_motion,low_head_motion,low_motion_rule,low_motion_rule,residual_rule_output
S018,202,203,gaze,gaze,low_head_motion,low_head_motion,low_head_motion,low_motion_rule,low_motion_rule,residual_rule_output
S018,203,204,gaze,head_turn,low_head_motion,ordinary_head_motion,ordinary_head_motion,low_motion_rule,moderate_turn_rule,moderate_turn_rule
S018,204,205,gaze,head_turn,low_head_motion,ordinary_head_motion,ordinary_head_motion,low_motion_rule,moderate_turn_rule,moderate_turn_rule
S018,205,206,head_turn,head_turn,ordinary_head_motion,ordinary_head_motion,ordinary_head_motion,moderate_turn_rule,moderate_turn_rule,moderate_turn_rule
S018,206,207,head_turn,head_turn,ordinary_head_motion,ordinary_head_motion,ordinary_head_motion,moderate_turn_rule,moderate_turn_rule,moderate_turn_rule
S018,207,208,gaze,gaze,low_head_motion,low_head_motion,low_head_motion,low_motion_rule,low_motion_rule,residual_rule_output
S018,208,209,gaze,gaze,low_head_motion,low_head_motion,low_head_motion,low_motion_rule,low_motion_rule,residual_rule_output
S018,209,210,head_turn,gaze,ordinary_head_motion,low_head_motion,low_head_motion,moderate_turn_rule,low_motion_rule,residual_rule_output
S018,210,211,head_turn,head_turn,ordinary_head_motion,ordinary_head_motion,ordinary_head_motion,moderate_turn_rule,moderate_turn_rule,moderate_turn_rule
S018,211,212,head_turn,head_turn,ordinary_head_motion,ordinary_head_motion,ordinary_head_motion,moderate_turn_rule,moderate_turn_rule,moderate_turn_rule
S018,212,213,gaze,gaze,low_head_motion,low_head_motion,ordinary_head_motion,low_motion_rule,low_motion_rule,residual_rule_output
S018,213,214,head_turn,head_turn,ordinary_head_motion,ordinary_head_motion,ordinary_head_motion,moderate_turn_rule,moderate_turn_rule,moderate_turn_rule
S018,214,215,gaze,gaze,low_head_motion,low_head_motion,low_head_motion,low_motion_rule,low_motion_rule,residual_rule_output
S018,216,217,gaze,gaze,low_head_motion,low_head_motion,low_head_motion,low_motion_rule,low_motion_rule,residual_rule_output
S018,217,218,gaze,idle,low_head_motion,low_head_motion,low_head_motion,low_motion_rule,residual_rule_output,residual_rule_output
S018,218,219,gaze,gaze,low_head_motion,low_head_motion,low_head_motion,low_motion_rule,low_motion_rule,residual_rule_output
S018,219,220,gaze,gaze,low_head_motion,low_head_motion,low_head_motion,low_motion_rule,low_motion_rule,residual_rule_output
S018,220,221,gaze,sudden_turn,low_head_motion,rapid_head_motion,low_head_motion,low_motion_rule,rapid_turn_rule,residual_rule_output
S018,221,222,sudden_turn,sudden_turn,rapid_head_motion,rapid_head_motion,rapid_head_motion,rapid_turn_rule,rapid_turn_rule,rapid_turn_rule
S018,222,223,sudden_turn,sudden_turn,rapid_head_motion,rapid_head_motion,rapid_head_motion,rapid_turn_rule,rapid_turn_rule,rapid_turn_rule
S018,223,224,gaze,head_turn,low_head_motion,ordinary_head_motion,rapid_head_motion,low_motion_rule,moderate_turn_rule,rapid_turn_rule
S018,224,225,head_turn,head_turn,ordinary_head_motion,ordinary_head_motion,ordinary_head_motion,moderate_turn_rule,moderate_turn_rule,moderate_turn_rule
S018,225,226,head_turn,head_turn,ordinary_head_motion,ordinary_head_motion,ordinary_head_motion,moderate_turn_rule,moderate_turn_rule,moderate_turn_rule
S018,226,227,sudden_turn,sudden_turn,rapid_head_motion,rapid_head_motion,rapid_head_motion,rapid_turn_rule,rapid_turn_rule,rapid_turn_rule
S018,227,228,sudden_turn,sudden_turn,rapid_head_motion,rapid_head_motion,rapid_head_motion,rapid_turn_rule,rapid_turn_rule,rapid_turn_rule
S018,228,229,sudden_turn,sudden_turn,rapid_head_motion,rapid_head_motion,rapid_head_motion,rapid_turn_rule,rapid_turn_rule,rapid_turn_rule
S018,229,230,sudden_turn,sudden_turn,rapid_head_motion,rapid_head_motion,low_head_motion,rapid_turn_rule,rapid_turn_rule,residual_rule_output
S018,230,231,sudden_turn,sudden_turn,rapid_head_motion,rapid_head_motion,low_head_motion,rapid_turn_rule,rapid_turn_rule,residual_rule_output
S018,231,232,sudden_turn,sudden_turn,rapid_head_motion,rapid_head_motion,rapid_head_motion,rapid_turn_rule,rapid_turn_rule,rapid_turn_rule
S018,232,233,sudden_turn,head_turn,rapid_head_motion,ordinary_head_motion,rapid_head_motion,rapid_turn_rule,moderate_turn_rule,rapid_turn_rule
S018,233,234,gaze,gaze,low_head_motion,low_head_motion,low_head_motion,low_motion_rule,low_motion_rule,residual_rule_output
S018,234,235,gaze,gaze,low_head_motion,low_head_motion,low_head_motion,low_motion_rule,low_motion_rule,residual_rule_output
S018,235,236,gaze,head_turn,low_head_motion,ordinary_head_motion,ordinary_head_motion,low_motion_rule,moderate_turn_rule,residual_rule_output
S018,236,237,head_turn,head_turn,ordinary_head_motion,ordinary_head_motion,ordinary_head_motion,moderate_turn_rule,moderate_turn_rule,moderate_turn_rule
S018,237,238,gaze,gaze,low_head_motion,low_head_motion,low_head_motion,low_motion_rule,low_motion_rule,residual_rule_output
S018,238,239,idle,gaze,low_head_motion,low_head_motion,low_head_motion,residual_rule_output,low_motion_rule,residual_rule_output
S018,239,240,gaze,gaze,low_head_motion,low_head_motion,low_head_motion,low_motion_rule,low_motion_rule,residual_rule_output
S018,240,241,head_turn,head_turn,ordinary_head_motion,ordinary_head_motion,ordinary_head_motion,moderate_turn_rule,moderate_turn_rule,moderate_turn_rule
S018,241,242,head_turn,head_turn,ordinary_head_motion,ordinary_head_motion,ordinary_head_motion,moderate_turn_rule,moderate_turn_rule,moderate_turn_rule
S018,242,243,sudden_turn,sudden_turn,rapid_head_motion,rapid_head_motion,rapid_head_motion,rapid_turn_rule,rapid_turn_rule,rapid_turn_rule
S018,243,244,sudden_turn,sudden_turn,rapid_head_motion,rapid_head_motion,rapid_head_motion,rapid_turn_rule,rapid_turn_rule,rapid_turn_rule
S018,244,245,gaze,sudden_turn,low_head_motion,rapid_head_motion,rapid_head_motion,low_motion_rule,rapid_turn_rule,rapid_turn_rule
S018,245,246,gaze,sudden_turn,low_head_motion,rapid_head_motion,low_head_motion,low_motion_rule,rapid_turn_rule,residual_rule_output
S018,247,248,gaze,sudden_turn,low_head_motion,rapid_head_motion,low_head_motion,low_motion_rule,rapid_turn_rule,residual_rule_output
S018,248,249,gaze,sudden_turn,low_head_motion,rapid_head_motion,low_head_motion,low_motion_rule,rapid_turn_rule,residual_rule_output
S018,249,250,gaze,sudden_turn,low_head_motion,rapid_head_motion,ordinary_head_motion,low_motion_rule,rapid_turn_rule,residual_rule_output
S018,250,251,idle,gaze,low_head_motion,low_head_motion,ordinary_head_motion,residual_rule_output,low_motion_rule,residual_rule_output
S018,251,252,idle,gaze,low_head_motion,low_head_motion,low_head_motion,residual_rule_output,low_motion_rule,residual_rule_output
S018,252,253,head_turn,head_turn,ordinary_head_motion,ordinary_head_motion,ordinary_head_motion,moderate_turn_rule,moderate_turn_rule,moderate_turn_rule
S018,253,254,head_turn,gaze,ordinary_head_motion,low_head_motion,ordinary_head_motion,moderate_turn_rule,low_motion_rule,residual_rule_output
S018,254,255,gaze,gaze,low_head_motion,low_head_motion,low_head_motion,low_motion_rule,low_motion_rule,residual_rule_output
S018,255,256,head_turn,head_turn,ordinary_head_motion,ordinary_head_motion,ordinary_head_motion,moderate_turn_rule,moderate_turn_rule,moderate_turn_rule
S018,256,257,gaze,gaze,low_head_motion,low_head_motion,low_head_motion,low_motion_rule,low_motion_rule,residual_rule_output
S018,257,258,gaze,gaze,low_head_motion,low_head_motion,low_head_motion,low_motion_rule,low_motion_rule,residual_rule_output
S018,258,259,idle,gaze,low_head_motion,low_head_motion,low_head_motion,residual_rule_output,low_motion_rule,residual_rule_output
S020,169,170,sudden_turn,head_turn,rapid_head_motion,ordinary_head_motion,rapid_head_motion,rapid_turn_rule,moderate_turn_rule,rapid_turn_rule
S020,170,171,sudden_turn,head_turn,rapid_head_motion,ordinary_head_motion,ordinary_head_motion,rapid_turn_rule,moderate_turn_rule,moderate_turn_rule
S020,171,172,sudden_turn,sudden_turn,rapid_head_motion,rapid_head_motion,rapid_head_motion,rapid_turn_rule,rapid_turn_rule,rapid_turn_rule
S020,172,173,head_turn,head_turn,ordinary_head_motion,ordinary_head_motion,ordinary_head_motion,moderate_turn_rule,moderate_turn_rule,moderate_turn_rule
S020,173,174,head_turn,head_turn,ordinary_head_motion,ordinary_head_motion,ordinary_head_motion,moderate_turn_rule,moderate_turn_rule,moderate_turn_rule
S020,174,175,gaze,gaze,low_head_motion,low_head_motion,low_head_motion,low_motion_rule,low_motion_rule,residual_rule_output
S020,175,176,gaze,gaze,low_head_motion,low_head_motion,ordinary_head_motion,low_motion_rule,low_motion_rule,residual_rule_output
S020,176,177,gaze,gaze,low_head_motion,low_head_motion,low_head_motion,low_motion_rule,low_motion_rule,residual_rule_output
S020,177,178,gaze,gaze,low_head_motion,low_head_motion,low_head_motion,low_motion_rule,low_motion_rule,residual_rule_output
S020,178,179,gaze,gaze,low_head_motion,low_head_motion,ordinary_head_motion,low_motion_rule,low_motion_rule,moderate_turn_rule
S020,179,180,gaze,gaze,low_head_motion,low_head_motion,ordinary_head_motion,low_motion_rule,low_motion_rule,moderate_turn_rule
S020,180,181,head_turn,head_turn,ordinary_head_motion,ordinary_head_motion,ordinary_head_motion,moderate_turn_rule,moderate_turn_rule,moderate_turn_rule
S020,181,182,head_turn,head_turn,ordinary_head_motion,ordinary_head_motion,low_head_motion,moderate_turn_rule,moderate_turn_rule,residual_rule_output
S020,182,183,head_turn,head_turn,ordinary_head_motion,ordinary_head_motion,low_head_motion,moderate_turn_rule,moderate_turn_rule,residual_rule_output
S020,183,184,head_turn,head_turn,ordinary_head_motion,ordinary_head_motion,low_head_motion,moderate_turn_rule,moderate_turn_rule,residual_rule_output
S020,184,185,head_turn,head_turn,ordinary_head_motion,ordinary_head_motion,low_head_motion,moderate_turn_rule,moderate_turn_rule,residual_rule_output
S020,185,186,head_turn,gaze,ordinary_head_motion,low_head_motion,low_head_motion,moderate_turn_rule,low_motion_rule,residual_rule_output
S020,186,187,gaze,gaze,low_head_motion,low_head_motion,low_head_motion,low_motion_rule,low_motion_rule,residual_rule_output
S020,187,188,gaze,gaze,low_head_motion,low_head_motion,low_head_motion,low_motion_rule,low_motion_rule,residual_rule_output
S020,188,189,head_turn,head_turn,ordinary_head_motion,ordinary_head_motion,low_head_motion,moderate_turn_rule,moderate_turn_rule,residual_rule_output
S020,189,190,head_turn,gaze,ordinary_head_motion,low_head_motion,low_head_motion,moderate_turn_rule,low_motion_rule,residual_rule_output
S020,190,191,head_turn,head_turn,ordinary_head_motion,ordinary_head_motion,low_head_motion,moderate_turn_rule,moderate_turn_rule,residual_rule_output
S020,191,192,head_turn,head_turn,ordinary_head_motion,ordinary_head_motion,low_head_motion,moderate_turn_rule,moderate_turn_rule,residual_rule_output
S020,192,193,head_turn,gaze,ordinary_head_motion,low_head_motion,low_head_motion,moderate_turn_rule,low_motion_rule,residual_rule_output
S020,193,194,head_turn,head_turn,ordinary_head_motion,ordinary_head_motion,low_head_motion,moderate_turn_rule,moderate_turn_rule,residual_rule_output
S020,194,195,head_turn,gaze,ordinary_head_motion,low_head_motion,low_head_motion,moderate_turn_rule,low_motion_rule,residual_rule_output
S020,196,197,head_turn,gaze,ordinary_head_motion,low_head_motion,low_head_motion,moderate_turn_rule,low_motion_rule,residual_rule_output
S020,197,198,gaze,gaze,low_head_motion,low_head_motion,ordinary_head_motion,low_motion_rule,low_motion_rule,residual_rule_output
S020,198,199,idle,gaze,low_head_motion,low_head_motion,ordinary_head_motion,residual_rule_output,low_motion_rule,residual_rule_output
S020,199,200,idle,gaze,low_head_motion,low_head_motion,low_head_motion,residual_rule_output,low_motion_rule,residual_rule_output
S020,200,201,gaze,gaze,low_head_motion,low_head_motion,low_head_motion,low_motion_rule,low_motion_rule,residual_rule_output
S020,201,202,gaze,gaze,low_head_motion,low_head_motion,low_head_motion,low_motion_rule,low_motion_rule,residual_rule_output
S020,202,203,gaze,gaze,low_head_motion,low_head_motion,low_head_motion,low_motion_rule,low_motion_rule,residual_rule_output
S020,203,204,gaze,gaze,low_head_motion,low_head_motion,low_head_motion,low_motion_rule,low_motion_rule,residual_rule_output
S020,204,205,gaze,gaze,low_head_motion,low_head_motion,low_head_motion,low_motion_rule,low_motion_rule,residual_rule_output
S020,205,206,gaze,gaze,low_head_motion,low_head_motion,low_head_motion,low_motion_rule,low_motion_rule,residual_rule_output
S020,206,207,gaze,gaze,low_head_motion,low_head_motion,low_head_motion,low_motion_rule,low_motion_rule,residual_rule_output
S020,207,208,idle,gaze,low_head_motion,low_head_motion,ordinary_head_motion,residual_rule_output,low_motion_rule,residual_rule_output
S020,208,209,idle,gaze,low_head_motion,low_head_motion,ordinary_head_motion,residual_rule_output,low_motion_rule,moderate_turn_rule
S020,209,210,gaze,gaze,low_head_motion,low_head_motion,ordinary_head_motion,low_motion_rule,low_motion_rule,moderate_turn_rule
S020,210,211,gaze,gaze,low_head_motion,low_head_motion,low_head_motion,low_motion_rule,low_motion_rule,residual_rule_output
S020,211,212,gaze,gaze,low_head_motion,low_head_motion,low_head_motion,low_motion_rule,low_motion_rule,residual_rule_output
S020,212,213,idle,gaze,low_head_motion,low_head_motion,low_head_motion,residual_rule_output,low_motion_rule,residual_rule_output
S020,213,214,gaze,gaze,low_head_motion,low_head_motion,low_head_motion,low_motion_rule,low_motion_rule,residual_rule_output
S020,214,215,gaze,idle,low_head_motion,low_head_motion,low_head_motion,low_motion_rule,residual_rule_output,residual_rule_output
S020,215,216,gaze,gaze,low_head_motion,low_head_motion,low_head_motion,low_motion_rule,low_motion_rule,residual_rule_output
S020,216,217,head_turn,gaze,ordinary_head_motion,low_head_motion,low_head_motion,moderate_turn_rule,low_motion_rule,residual_rule_output
S020,217,218,head_turn,head_turn,ordinary_head_motion,ordinary_head_motion,low_head_motion,moderate_turn_rule,moderate_turn_rule,residual_rule_output
S020,218,219,gaze,gaze,low_head_motion,low_head_motion,low_head_motion,low_motion_rule,low_motion_rule,residual_rule_output
S020,219,220,idle,gaze,low_head_motion,low_head_motion,low_head_motion,residual_rule_output,low_motion_rule,residual_rule_output
S020,220,221,gaze,gaze,low_head_motion,low_head_motion,low_head_motion,low_motion_rule,low_motion_rule,residual_rule_output
S020,221,222,gaze,gaze,low_head_motion,low_head_motion,low_head_motion,low_motion_rule,low_motion_rule,residual_rule_output
S020,222,223,gaze,gaze,low_head_motion,low_head_motion,low_head_motion,low_motion_rule,low_motion_rule,residual_rule_output
S020,223,224,gaze,gaze,low_head_motion,low_head_motion,low_head_motion,low_motion_rule,low_motion_rule,residual_rule_output
S020,224,225,gaze,gaze,low_head_motion,low_head_motion,low_head_motion,low_motion_rule,low_motion_rule,residual_rule_output
S020,226,227,gaze,gaze,low_head_motion,low_head_motion,low_head_motion,low_motion_rule,low_motion_rule,residual_rule_output
S020,227,228,gaze,gaze,low_head_motion,low_head_motion,low_head_motion,low_motion_rule,low_motion_rule,residual_rule_output
S020,228,229,gaze,gaze,low_head_motion,low_head_motion,low_head_motion,low_motion_rule,low_motion_rule,residual_rule_output
S020,229,230,gaze,gaze,low_head_motion,low_head_motion,low_head_motion,low_motion_rule,low_motion_rule,residual_rule_output
S020,230,231,idle,gaze,low_head_motion,low_head_motion,low_head_motion,residual_rule_output,low_motion_rule,residual_rule_output
S020,231,232,idle,gaze,low_head_motion,low_head_motion,ordinary_head_motion,residual_rule_output,low_motion_rule,residual_rule_output
S020,232,233,gaze,gaze,low_head_motion,low_head_motion,low_head_motion,low_motion_rule,low_motion_rule,residual_rule_output
S020,233,234,gaze,gaze,low_head_motion,low_head_motion,low_head_motion,low_motion_rule,low_motion_rule,residual_rule_output
S020,234,235,gaze,gaze,low_head_motion,low_head_motion,low_head_motion,low_motion_rule,low_motion_rule,residual_rule_output
S020,235,236,gaze,gaze,low_head_motion,low_head_motion,low_head_motion,low_motion_rule,low_motion_rule,residual_rule_output
S020,236,237,gaze,gaze,low_head_motion,low_head_motion,low_head_motion,low_motion_rule,low_motion_rule,residual_rule_output
S020,237,238,gaze,gaze,low_head_motion,low_head_motion,low_head_motion,low_motion_rule,low_motion_rule,residual_rule_output
S020,238,239,gaze,gaze,low_head_motion,low_head_motion,low_head_motion,low_motion_rule,low_motion_rule,residual_rule_output
S020,239,240,gaze,gaze,low_head_motion,low_head_motion,low_head_motion,low_motion_rule,low_motion_rule,residual_rule_output
S020,240,241,gaze,gaze,low_head_motion,low_head_motion,low_head_motion,low_motion_rule,low_motion_rule,residual_rule_output
S020,241,242,head_turn,gaze,ordinary_head_motion,low_head_motion,low_head_motion,moderate_turn_rule,low_motion_rule,residual_rule_output
S020,242,243,gaze,gaze,low_head_motion,low_head_motion,low_head_motion,low_motion_rule,low_motion_rule,residual_rule_output
S020,243,244,gaze,gaze,low_head_motion,low_head_motion,low_head_motion,low_motion_rule,low_motion_rule,residual_rule_output
S020,244,245,gaze,gaze,low_head_motion,low_head_motion,low_head_motion,low_motion_rule,low_motion_rule,residual_rule_output
S020,245,246,gaze,gaze,low_head_motion,low_head_motion,low_head_motion,low_motion_rule,low_motion_rule,residual_rule_output
S020,246,247,gaze,gaze,low_head_motion,low_head_motion,low_head_motion,low_motion_rule,low_motion_rule,residual_rule_output
S020,247,248,gaze,gaze,low_head_motion,low_head_motion,low_head_motion,low_motion_rule,low_motion_rule,residual_rule_output
S020,248,249,gaze,gaze,low_head_motion,low_head_motion,low_head_motion,low_motion_rule,low_motion_rule,residual_rule_output
S020,249,250,head_turn,head_turn,ordinary_head_motion,ordinary_head_motion,low_head_motion,moderate_turn_rule,moderate_turn_rule,residual_rule_output
S020,250,251,gaze,head_turn,low_head_motion,ordinary_head_motion,low_head_motion,low_motion_rule,moderate_turn_rule,residual_rule_output
S020,251,252,head_turn,gaze,ordinary_head_motion,low_head_motion,ordinary_head_motion,moderate_turn_rule,low_motion_rule,moderate_turn_rule
S020,252,253,gaze,gaze,low_head_motion,low_head_motion,low_head_motion,low_motion_rule,low_motion_rule,residual_rule_output
S020,253,254,head_turn,head_turn,ordinary_head_motion,ordinary_head_motion,ordinary_head_motion,moderate_turn_rule,moderate_turn_rule,moderate_turn_rule
S020,254,255,gaze,gaze,low_head_motion,low_head_motion,low_head_motion,low_motion_rule,low_motion_rule,residual_rule_output
S020,255,256,gaze,gaze,low_head_motion,low_head_motion,low_head_motion,low_motion_rule,low_motion_rule,residual_rule_output
S020,257,258,gaze,gaze,low_head_motion,low_head_motion,low_head_motion,low_motion_rule,low_motion_rule,residual_rule_output
S020,258,259,gaze,gaze,low_head_motion,low_head_motion,ordinary_head_motion,low_motion_rule,low_motion_rule,residual_rule_output
S020,259,260,gaze,gaze,low_head_motion,low_head_motion,ordinary_head_motion,low_motion_rule,low_motion_rule,residual_rule_output
S020,260,261,head_turn,head_turn,ordinary_head_motion,ordinary_head_motion,ordinary_head_motion,moderate_turn_rule,moderate_turn_rule,moderate_turn_rule
S020,261,262,head_turn,head_turn,ordinary_head_motion,ordinary_head_motion,ordinary_head_motion,moderate_turn_rule,moderate_turn_rule,moderate_turn_rule
S020,262,263,head_turn,head_turn,ordinary_head_motion,ordinary_head_motion,ordinary_head_motion,moderate_turn_rule,moderate_turn_rule,moderate_turn_rule
S020,263,264,gaze,gaze,low_head_motion,low_head_motion,ordinary_head_motion,low_motion_rule,low_motion_rule,moderate_turn_rule
S020,264,265,gaze,gaze,low_head_motion,low_head_motion,low_head_motion,low_motion_rule,low_motion_rule,residual_rule_output
S020,265,266,gaze,gaze,low_head_motion,low_head_motion,ordinary_head_motion,low_motion_rule,low_motion_rule,moderate_turn_rule
S020,266,267,gaze,gaze,low_head_motion,low_head_motion,low_head_motion,low_motion_rule,low_motion_rule,residual_rule_output
S020,267,268,gaze,gaze,low_head_motion,low_head_motion,low_head_motion,low_motion_rule,low_motion_rule,residual_rule_output
S020,268,269,gaze,gaze,low_head_motion,low_head_motion,low_head_motion,low_motion_rule,low_motion_rule,residual_rule_output
S020,269,270,gaze,gaze,low_head_motion,low_head_motion,low_head_motion,low_motion_rule,low_motion_rule,residual_rule_output
S020,270,271,gaze,gaze,low_head_motion,low_head_motion,low_head_motion,low_motion_rule,low_motion_rule,residual_rule_output
S020,271,272,idle,gaze,low_head_motion,low_head_motion,low_head_motion,residual_rule_output,low_motion_rule,residual_rule_output
S020,272,273,idle,gaze,low_head_motion,low_head_motion,ordinary_head_motion,residual_rule_output,low_motion_rule,residual_rule_output
S020,273,274,idle,gaze,low_head_motion,low_head_motion,ordinary_head_motion,residual_rule_output,low_motion_rule,residual_rule_output
S020,274,275,idle,gaze,low_head_motion,low_head_motion,ordinary_head_motion,residual_rule_output,low_motion_rule,residual_rule_output
S020,275,276,idle,idle,low_head_motion,low_head_motion,low_head_motion,residual_rule_output,residual_rule_output,residual_rule_output
S020,276,277,gaze,gaze,low_head_motion,low_head_motion,low_head_motion,low_motion_rule,low_motion_rule,residual_rule_output
S020,277,278,gaze,gaze,low_head_motion,low_head_motion,low_head_motion,low_motion_rule,low_motion_rule,residual_rule_output
S020,278,279,gaze,gaze,low_head_motion,low_head_motion,low_head_motion,low_motion_rule,low_motion_rule,residual_rule_output
S020,279,280,gaze,gaze,low_head_motion,low_head_motion,low_head_motion,low_motion_rule,low_motion_rule,residual_rule_output
S020,280,281,head_turn,head_turn,ordinary_head_motion,ordinary_head_motion,ordinary_head_motion,moderate_turn_rule,moderate_turn_rule,moderate_turn_rule
S020,281,282,gaze,head_turn,low_head_motion,ordinary_head_motion,low_head_motion,low_motion_rule,moderate_turn_rule,residual_rule_output
S020,282,283,head_turn,gaze,ordinary_head_motion,low_head_motion,ordinary_head_motion,moderate_turn_rule,low_motion_rule,moderate_turn_rule
S020,283,284,head_turn,gaze,ordinary_head_motion,low_head_motion,ordinary_head_motion,moderate_turn_rule,low_motion_rule,residual_rule_output
S020,284,285,head_turn,gaze,ordinary_head_motion,low_head_motion,low_head_motion,moderate_turn_rule,low_motion_rule,residual_rule_output
S020,285,286,head_turn,gaze,ordinary_head_motion,low_head_motion,low_head_motion,moderate_turn_rule,low_motion_rule,residual_rule_output
S020,287,288,idle,gaze,low_head_motion,low_head_motion,low_head_motion,residual_rule_output,low_motion_rule,residual_rule_output
S020,288,289,idle,gaze,low_head_motion,low_head_motion,low_head_motion,residual_rule_output,low_motion_rule,residual_rule_output
S020,289,290,gaze,gaze,low_head_motion,low_head_motion,low_head_motion,low_motion_rule,low_motion_rule,residual_rule_output
S020,290,291,head_turn,gaze,ordinary_head_motion,low_head_motion,low_head_motion,moderate_turn_rule,low_motion_rule,residual_rule_output
S021,68,69,gaze,gaze,low_head_motion,low_head_motion,low_head_motion,low_motion_rule,low_motion_rule,residual_rule_output
S021,69,70,gaze,gaze,low_head_motion,low_head_motion,low_head_motion,low_motion_rule,low_motion_rule,residual_rule_output
S021,70,71,gaze,gaze,low_head_motion,low_head_motion,low_head_motion,low_motion_rule,low_motion_rule,residual_rule_output
S021,71,72,gaze,gaze,low_head_motion,low_head_motion,low_head_motion,low_motion_rule,low_motion_rule,residual_rule_output
S021,72,73,gaze,gaze,low_head_motion,low_head_motion,low_head_motion,low_motion_rule,low_motion_rule,residual_rule_output
S021,73,74,gaze,gaze,low_head_motion,low_head_motion,low_head_motion,low_motion_rule,low_motion_rule,residual_rule_output
S021,74,75,gaze,gaze,low_head_motion,low_head_motion,ordinary_head_motion,low_motion_rule,low_motion_rule,residual_rule_output
S021,75,76,gaze,gaze,low_head_motion,low_head_motion,low_head_motion,low_motion_rule,low_motion_rule,residual_rule_output
S021,76,77,gaze,gaze,low_head_motion,low_head_motion,ordinary_head_motion,low_motion_rule,low_motion_rule,moderate_turn_rule
S021,77,78,gaze,gaze,low_head_motion,low_head_motion,low_head_motion,low_motion_rule,low_motion_rule,residual_rule_output
S021,78,79,gaze,gaze,low_head_motion,low_head_motion,low_head_motion,low_motion_rule,low_motion_rule,residual_rule_output
S021,79,80,gaze,gaze,low_head_motion,low_head_motion,low_head_motion,low_motion_rule,low_motion_rule,residual_rule_output
S021,80,81,gaze,gaze,low_head_motion,low_head_motion,low_head_motion,low_motion_rule,low_motion_rule,residual_rule_output
S021,81,82,head_turn,head_turn,ordinary_head_motion,ordinary_head_motion,low_head_motion,moderate_turn_rule,moderate_turn_rule,residual_rule_output
S021,82,83,gaze,gaze,low_head_motion,low_head_motion,low_head_motion,low_motion_rule,low_motion_rule,residual_rule_output
S021,83,84,gaze,gaze,low_head_motion,low_head_motion,low_head_motion,low_motion_rule,low_motion_rule,residual_rule_output
S021,84,85,gaze,gaze,low_head_motion,low_head_motion,low_head_motion,low_motion_rule,low_motion_rule,residual_rule_output
S021,85,86,gaze,gaze,low_head_motion,low_head_motion,low_head_motion,low_motion_rule,low_motion_rule,residual_rule_output
S021,86,87,gaze,gaze,low_head_motion,low_head_motion,low_head_motion,low_motion_rule,low_motion_rule,residual_rule_output
S021,87,88,gaze,gaze,low_head_motion,low_head_motion,low_head_motion,low_motion_rule,low_motion_rule,residual_rule_output
S021,88,89,gaze,gaze,low_head_motion,low_head_motion,low_head_motion,low_motion_rule,low_motion_rule,residual_rule_output
S021,89,90,gaze,gaze,low_head_motion,low_head_motion,low_head_motion,low_motion_rule,low_motion_rule,residual_rule_output
S021,90,91,gaze,gaze,low_head_motion,low_head_motion,low_head_motion,low_motion_rule,low_motion_rule,residual_rule_output
S021,91,92,gaze,gaze,low_head_motion,low_head_motion,low_head_motion,low_motion_rule,low_motion_rule,residual_rule_output
S021,92,93,head_turn,gaze,ordinary_head_motion,low_head_motion,low_head_motion,moderate_turn_rule,low_motion_rule,residual_rule_output
S021,93,94,head_turn,head_turn,ordinary_head_motion,ordinary_head_motion,low_head_motion,moderate_turn_rule,moderate_turn_rule,residual_rule_output
S021,94,95,gaze,gaze,low_head_motion,low_head_motion,low_head_motion,low_motion_rule,low_motion_rule,residual_rule_output
S021,95,96,gaze,gaze,low_head_motion,low_head_motion,low_head_motion,low_motion_rule,low_motion_rule,residual_rule_output
S021,96,97,gaze,gaze,low_head_motion,low_head_motion,low_head_motion,low_motion_rule,low_motion_rule,residual_rule_output
S021,97,98,gaze,gaze,low_head_motion,low_head_motion,low_head_motion,low_motion_rule,low_motion_rule,residual_rule_output
S021,98,99,gaze,gaze,low_head_motion,low_head_motion,low_head_motion,low_motion_rule,low_motion_rule,residual_rule_output
S021,99,100,gaze,gaze,low_head_motion,low_head_motion,low_head_motion,low_motion_rule,low_motion_rule,residual_rule_output
S021,100,101,gaze,gaze,low_head_motion,low_head_motion,low_head_motion,low_motion_rule,low_motion_rule,residual_rule_output
S021,101,102,gaze,gaze,low_head_motion,low_head_motion,low_head_motion,low_motion_rule,low_motion_rule,residual_rule_output
S021,102,103,gaze,gaze,low_head_motion,low_head_motion,low_head_motion,low_motion_rule,low_motion_rule,residual_rule_output
S021,103,104,gaze,gaze,low_head_motion,low_head_motion,low_head_motion,low_motion_rule,low_motion_rule,residual_rule_output
S021,104,105,gaze,gaze,low_head_motion,low_head_motion,low_head_motion,low_motion_rule,low_motion_rule,residual_rule_output
S021,105,106,gaze,idle,low_head_motion,low_head_motion,low_head_motion,low_motion_rule,residual_rule_output,residual_rule_output
S021,106,107,gaze,gaze,low_head_motion,low_head_motion,low_head_motion,low_motion_rule,low_motion_rule,residual_rule_output
S021,107,108,gaze,gaze,low_head_motion,low_head_motion,low_head_motion,low_motion_rule,low_motion_rule,residual_rule_output
S021,108,109,gaze,gaze,low_head_motion,low_head_motion,low_head_motion,low_motion_rule,low_motion_rule,residual_rule_output
S021,109,110,gaze,gaze,low_head_motion,low_head_motion,low_head_motion,low_motion_rule,low_motion_rule,residual_rule_output
S021,110,111,gaze,gaze,low_head_motion,low_head_motion,low_head_motion,low_motion_rule,low_motion_rule,residual_rule_output
S021,111,112,gaze,gaze,low_head_motion,low_head_motion,low_head_motion,low_motion_rule,low_motion_rule,residual_rule_output
S021,112,113,gaze,gaze,low_head_motion,low_head_motion,low_head_motion,low_motion_rule,low_motion_rule,residual_rule_output
S021,113,114,gaze,gaze,low_head_motion,low_head_motion,low_head_motion,low_motion_rule,low_motion_rule,residual_rule_output
S021,114,115,gaze,gaze,low_head_motion,low_head_motion,low_head_motion,low_motion_rule,low_motion_rule,residual_rule_output
S021,115,116,gaze,gaze,low_head_motion,low_head_motion,low_head_motion,low_motion_rule,low_motion_rule,residual_rule_output
S021,116,117,gaze,gaze,low_head_motion,low_head_motion,low_head_motion,low_motion_rule,low_motion_rule,residual_rule_output
S021,118,119,gaze,gaze,low_head_motion,low_head_motion,low_head_motion,low_motion_rule,low_motion_rule,residual_rule_output
S021,119,120,gaze,gaze,low_head_motion,low_head_motion,low_head_motion,low_motion_rule,low_motion_rule,residual_rule_output
S021,120,121,gaze,gaze,low_head_motion,low_head_motion,low_head_motion,low_motion_rule,low_motion_rule,residual_rule_output
S021,121,122,idle,gaze,low_head_motion,low_head_motion,low_head_motion,residual_rule_output,low_motion_rule,residual_rule_output
S021,122,123,idle,gaze,low_head_motion,low_head_motion,low_head_motion,residual_rule_output,low_motion_rule,residual_rule_output
S021,123,124,gaze,gaze,low_head_motion,low_head_motion,low_head_motion,low_motion_rule,low_motion_rule,residual_rule_output
S021,124,125,gaze,gaze,low_head_motion,low_head_motion,low_head_motion,low_motion_rule,low_motion_rule,residual_rule_output
S021,125,126,gaze,gaze,low_head_motion,low_head_motion,low_head_motion,low_motion_rule,low_motion_rule,residual_rule_output
S021,126,127,gaze,gaze,low_head_motion,low_head_motion,low_head_motion,low_motion_rule,low_motion_rule,residual_rule_output
S021,127,128,gaze,gaze,low_head_motion,low_head_motion,low_head_motion,low_motion_rule,low_motion_rule,residual_rule_output
S021,128,129,gaze,gaze,low_head_motion,low_head_motion,ordinary_head_motion,low_motion_rule,low_motion_rule,moderate_turn_rule
S021,129,130,gaze,gaze,low_head_motion,low_head_motion,low_head_motion,low_motion_rule,low_motion_rule,residual_rule_output
S021,130,131,gaze,gaze,low_head_motion,low_head_motion,low_head_motion,low_motion_rule,low_motion_rule,residual_rule_output
S021,131,132,gaze,gaze,low_head_motion,low_head_motion,low_head_motion,low_motion_rule,low_motion_rule,residual_rule_output
S022,46,47,head_turn,head_turn,ordinary_head_motion,ordinary_head_motion,ordinary_head_motion,moderate_turn_rule,moderate_turn_rule,moderate_turn_rule
S022,47,48,head_turn,head_turn,ordinary_head_motion,ordinary_head_motion,rapid_head_motion,moderate_turn_rule,moderate_turn_rule,rapid_turn_rule
S022,48,49,sudden_turn,sudden_turn,rapid_head_motion,rapid_head_motion,rapid_head_motion,rapid_turn_rule,rapid_turn_rule,rapid_turn_rule
S022,49,50,head_turn,gaze,ordinary_head_motion,low_head_motion,ordinary_head_motion,moderate_turn_rule,low_motion_rule,residual_rule_output
S022,50,51,head_turn,head_turn,ordinary_head_motion,ordinary_head_motion,ordinary_head_motion,moderate_turn_rule,moderate_turn_rule,moderate_turn_rule
S022,51,52,sudden_turn,sudden_turn,rapid_head_motion,rapid_head_motion,rapid_head_motion,rapid_turn_rule,rapid_turn_rule,rapid_turn_rule
S022,52,53,sudden_turn,sudden_turn,rapid_head_motion,rapid_head_motion,rapid_head_motion,rapid_turn_rule,rapid_turn_rule,rapid_turn_rule
S022,53,54,sudden_turn,sudden_turn,rapid_head_motion,rapid_head_motion,rapid_head_motion,rapid_turn_rule,rapid_turn_rule,rapid_turn_rule
S022,54,55,sudden_turn,sudden_turn,rapid_head_motion,rapid_head_motion,ordinary_head_motion,rapid_turn_rule,rapid_turn_rule,moderate_turn_rule
S022,55,56,sudden_turn,sudden_turn,rapid_head_motion,rapid_head_motion,rapid_head_motion,rapid_turn_rule,rapid_turn_rule,rapid_turn_rule
S022,56,57,head_turn,head_turn,ordinary_head_motion,ordinary_head_motion,ordinary_head_motion,moderate_turn_rule,moderate_turn_rule,moderate_turn_rule
S022,57,58,head_turn,gaze,ordinary_head_motion,low_head_motion,ordinary_head_motion,moderate_turn_rule,low_motion_rule,residual_rule_output
S022,58,59,head_turn,head_turn,ordinary_head_motion,ordinary_head_motion,ordinary_head_motion,moderate_turn_rule,moderate_turn_rule,moderate_turn_rule
S022,59,60,head_turn,head_turn,ordinary_head_motion,ordinary_head_motion,ordinary_head_motion,moderate_turn_rule,moderate_turn_rule,moderate_turn_rule
S022,60,61,gaze,gaze,low_head_motion,low_head_motion,ordinary_head_motion,low_motion_rule,low_motion_rule,residual_rule_output
S022,61,62,gaze,gaze,low_head_motion,low_head_motion,low_head_motion,low_motion_rule,low_motion_rule,residual_rule_output
S022,62,63,gaze,gaze,low_head_motion,low_head_motion,low_head_motion,low_motion_rule,low_motion_rule,residual_rule_output
S022,63,64,gaze,gaze,low_head_motion,low_head_motion,ordinary_head_motion,low_motion_rule,low_motion_rule,moderate_turn_rule
S022,64,65,head_turn,head_turn,ordinary_head_motion,ordinary_head_motion,ordinary_head_motion,moderate_turn_rule,moderate_turn_rule,moderate_turn_rule
S022,65,66,sudden_turn,head_turn,rapid_head_motion,ordinary_head_motion,ordinary_head_motion,rapid_turn_rule,moderate_turn_rule,moderate_turn_rule
S022,66,67,head_turn,head_turn,ordinary_head_motion,ordinary_head_motion,ordinary_head_motion,moderate_turn_rule,moderate_turn_rule,moderate_turn_rule
S022,67,68,head_turn,head_turn,ordinary_head_motion,ordinary_head_motion,ordinary_head_motion,moderate_turn_rule,moderate_turn_rule,moderate_turn_rule
S022,68,69,head_turn,head_turn,ordinary_head_motion,ordinary_head_motion,ordinary_head_motion,moderate_turn_rule,moderate_turn_rule,moderate_turn_rule
S022,69,70,head_turn,head_turn,ordinary_head_motion,ordinary_head_motion,ordinary_head_motion,moderate_turn_rule,moderate_turn_rule,moderate_turn_rule
S022,71,72,gaze,gaze,low_head_motion,low_head_motion,low_head_motion,low_motion_rule,low_motion_rule,residual_rule_output
S022,72,73,idle,head_turn,low_head_motion,ordinary_head_motion,ordinary_head_motion,residual_rule_output,moderate_turn_rule,moderate_turn_rule
S022,73,74,gaze,gaze,low_head_motion,low_head_motion,low_head_motion,low_motion_rule,low_motion_rule,residual_rule_output
S022,74,75,sudden_turn,sudden_turn,rapid_head_motion,rapid_head_motion,rapid_head_motion,rapid_turn_rule,rapid_turn_rule,rapid_turn_rule
S022,75,76,head_turn,head_turn,ordinary_head_motion,ordinary_head_motion,ordinary_head_motion,moderate_turn_rule,moderate_turn_rule,moderate_turn_rule
S022,76,77,head_turn,head_turn,ordinary_head_motion,ordinary_head_motion,ordinary_head_motion,moderate_turn_rule,moderate_turn_rule,moderate_turn_rule
S022,77,78,head_turn,head_turn,ordinary_head_motion,ordinary_head_motion,ordinary_head_motion,moderate_turn_rule,moderate_turn_rule,moderate_turn_rule
S022,78,79,head_turn,head_turn,ordinary_head_motion,ordinary_head_motion,ordinary_head_motion,moderate_turn_rule,moderate_turn_rule,moderate_turn_rule
S022,79,80,head_turn,head_turn,ordinary_head_motion,ordinary_head_motion,ordinary_head_motion,moderate_turn_rule,moderate_turn_rule,moderate_turn_rule
S022,80,81,gaze,gaze,low_head_motion,low_head_motion,low_head_motion,low_motion_rule,low_motion_rule,residual_rule_output
S022,81,82,gaze,gaze,low_head_motion,low_head_motion,low_head_motion,low_motion_rule,low_motion_rule,residual_rule_output
S022,82,83,gaze,gaze,low_head_motion,low_head_motion,low_head_motion,low_motion_rule,low_motion_rule,residual_rule_output
S022,83,84,gaze,gaze,low_head_motion,low_head_motion,low_head_motion,low_motion_rule,low_motion_rule,residual_rule_output
S022,84,85,gaze,gaze,low_head_motion,low_head_motion,low_head_motion,low_motion_rule,low_motion_rule,residual_rule_output
S022,85,86,gaze,gaze,low_head_motion,low_head_motion,low_head_motion,low_motion_rule,low_motion_rule,residual_rule_output
S022,86,87,gaze,gaze,low_head_motion,low_head_motion,low_head_motion,low_motion_rule,low_motion_rule,residual_rule_output
S022,87,88,gaze,gaze,low_head_motion,low_head_motion,low_head_motion,low_motion_rule,low_motion_rule,residual_rule_output
S022,88,89,gaze,idle,low_head_motion,low_head_motion,low_head_motion,low_motion_rule,residual_rule_output,residual_rule_output
S022,89,90,gaze,gaze,low_head_motion,low_head_motion,low_head_motion,low_motion_rule,low_motion_rule,residual_rule_output
S022,90,91,gaze,gaze,low_head_motion,low_head_motion,low_head_motion,low_motion_rule,low_motion_rule,residual_rule_output
S022,91,92,gaze,gaze,low_head_motion,low_head_motion,low_head_motion,low_motion_rule,low_motion_rule,residual_rule_output
S022,92,93,gaze,gaze,low_head_motion,low_head_motion,low_head_motion,low_motion_rule,low_motion_rule,residual_rule_output
S022,93,94,gaze,gaze,low_head_motion,low_head_motion,low_head_motion,low_motion_rule,low_motion_rule,residual_rule_output
S022,94,95,gaze,gaze,low_head_motion,low_head_motion,low_head_motion,low_motion_rule,low_motion_rule,residual_rule_output
S022,95,96,gaze,gaze,low_head_motion,low_head_motion,low_head_motion,low_motion_rule,low_motion_rule,residual_rule_output
S022,96,97,gaze,gaze,low_head_motion,low_head_motion,low_head_motion,low_motion_rule,low_motion_rule,residual_rule_output
S022,97,98,gaze,gaze,low_head_motion,low_head_motion,low_head_motion,low_motion_rule,low_motion_rule,residual_rule_output
S022,98,99,gaze,gaze,low_head_motion,low_head_motion,low_head_motion,low_motion_rule,low_motion_rule,residual_rule_output
S022,99,100,gaze,idle,low_head_motion,low_head_motion,low_head_motion,low_motion_rule,residual_rule_output,residual_rule_output
S022,101,102,gaze,gaze,low_head_motion,low_head_motion,low_head_motion,low_motion_rule,low_motion_rule,residual_rule_output
S022,102,103,sudden_turn,gaze,rapid_head_motion,low_head_motion,low_head_motion,rapid_turn_rule,low_motion_rule,residual_rule_output
S022,103,104,gaze,gaze,low_head_motion,low_head_motion,rapid_head_motion,low_motion_rule,low_motion_rule,rapid_turn_rule
S022,104,105,head_turn,sudden_turn,ordinary_head_motion,rapid_head_motion,ordinary_head_motion,moderate_turn_rule,rapid_turn_rule,moderate_turn_rule
S022,105,106,head_turn,head_turn,ordinary_head_motion,ordinary_head_motion,ordinary_head_motion,moderate_turn_rule,moderate_turn_rule,moderate_turn_rule
S022,106,107,head_turn,head_turn,ordinary_head_motion,ordinary_head_motion,ordinary_head_motion,moderate_turn_rule,moderate_turn_rule,moderate_turn_rule
S022,107,108,gaze,gaze,low_head_motion,low_head_motion,low_head_motion,low_motion_rule,low_motion_rule,residual_rule_output
S022,108,109,head_turn,gaze,ordinary_head_motion,low_head_motion,rapid_head_motion,moderate_turn_rule,low_motion_rule,rapid_turn_rule
S022,109,110,sudden_turn,head_turn,rapid_head_motion,ordinary_head_motion,rapid_head_motion,rapid_turn_rule,moderate_turn_rule,rapid_turn_rule
S022,110,111,head_turn,sudden_turn,ordinary_head_motion,rapid_head_motion,rapid_head_motion,moderate_turn_rule,rapid_turn_rule,rapid_turn_rule
S022,111,112,gaze,gaze,low_head_motion,low_head_motion,rapid_head_motion,low_motion_rule,low_motion_rule,rapid_turn_rule
S022,112,113,gaze,gaze,low_head_motion,low_head_motion,low_head_motion,low_motion_rule,low_motion_rule,residual_rule_output
S022,113,114,sudden_turn,sudden_turn,rapid_head_motion,rapid_head_motion,low_head_motion,rapid_turn_rule,rapid_turn_rule,residual_rule_output
S022,114,115,sudden_turn,head_turn,rapid_head_motion,ordinary_head_motion,low_head_motion,rapid_turn_rule,moderate_turn_rule,residual_rule_output
S022,115,116,sudden_turn,head_turn,rapid_head_motion,ordinary_head_motion,rapid_head_motion,rapid_turn_rule,moderate_turn_rule,rapid_turn_rule
S022,116,117,head_turn,head_turn,ordinary_head_motion,ordinary_head_motion,rapid_head_motion,moderate_turn_rule,moderate_turn_rule,rapid_turn_rule
S022,117,118,head_turn,head_turn,ordinary_head_motion,ordinary_head_motion,ordinary_head_motion,moderate_turn_rule,moderate_turn_rule,moderate_turn_rule
S022,118,119,head_turn,head_turn,ordinary_head_motion,ordinary_head_motion,ordinary_head_motion,moderate_turn_rule,moderate_turn_rule,moderate_turn_rule
S022,119,120,head_turn,head_turn,ordinary_head_motion,ordinary_head_motion,ordinary_head_motion,moderate_turn_rule,moderate_turn_rule,moderate_turn_rule
S022,120,121,gaze,idle,low_head_motion,low_head_motion,ordinary_head_motion,low_motion_rule,residual_rule_output,residual_rule_output
S022,121,122,idle,gaze,low_head_motion,low_head_motion,ordinary_head_motion,residual_rule_output,low_motion_rule,residual_rule_output
S022,122,123,head_turn,head_turn,ordinary_head_motion,ordinary_head_motion,ordinary_head_motion,moderate_turn_rule,moderate_turn_rule,moderate_turn_rule
S022,123,124,head_turn,head_turn,ordinary_head_motion,ordinary_head_motion,ordinary_head_motion,moderate_turn_rule,moderate_turn_rule,residual_rule_output
S022,124,125,head_turn,head_turn,ordinary_head_motion,ordinary_head_motion,ordinary_head_motion,moderate_turn_rule,moderate_turn_rule,residual_rule_output
S022,125,126,head_turn,head_turn,ordinary_head_motion,ordinary_head_motion,ordinary_head_motion,moderate_turn_rule,moderate_turn_rule,moderate_turn_rule
S022,126,127,head_turn,head_turn,ordinary_head_motion,ordinary_head_motion,ordinary_head_motion,moderate_turn_rule,moderate_turn_rule,moderate_turn_rule
S022,127,128,head_turn,head_turn,ordinary_head_motion,ordinary_head_motion,ordinary_head_motion,moderate_turn_rule,moderate_turn_rule,residual_rule_output
S022,128,129,head_turn,head_turn,ordinary_head_motion,ordinary_head_motion,ordinary_head_motion,moderate_turn_rule,moderate_turn_rule,moderate_turn_rule
S022,129,130,head_turn,head_turn,ordinary_head_motion,ordinary_head_motion,ordinary_head_motion,moderate_turn_rule,moderate_turn_rule,moderate_turn_rule
S026,4,5,idle,idle,low_head_motion,low_head_motion,ordinary_head_motion,residual_rule_output,residual_rule_output,residual_rule_output
S026,5,6,gaze,gaze,low_head_motion,low_head_motion,low_head_motion,low_motion_rule,low_motion_rule,residual_rule_output
S026,6,7,gaze,gaze,low_head_motion,low_head_motion,low_head_motion,low_motion_rule,low_motion_rule,residual_rule_output
S026,7,8,head_turn,head_turn,ordinary_head_motion,ordinary_head_motion,ordinary_head_motion,moderate_turn_rule,moderate_turn_rule,residual_rule_output
S026,8,9,head_turn,head_turn,ordinary_head_motion,ordinary_head_motion,ordinary_head_motion,moderate_turn_rule,moderate_turn_rule,residual_rule_output
S026,9,10,head_turn,head_turn,ordinary_head_motion,ordinary_head_motion,low_head_motion,moderate_turn_rule,moderate_turn_rule,residual_rule_output
S026,10,11,head_turn,head_turn,ordinary_head_motion,ordinary_head_motion,low_head_motion,moderate_turn_rule,moderate_turn_rule,residual_rule_output
S026,11,12,gaze,gaze,low_head_motion,low_head_motion,low_head_motion,low_motion_rule,low_motion_rule,residual_rule_output
S026,12,13,gaze,gaze,low_head_motion,low_head_motion,low_head_motion,low_motion_rule,low_motion_rule,residual_rule_output
S026,13,14,gaze,head_turn,low_head_motion,ordinary_head_motion,low_head_motion,low_motion_rule,moderate_turn_rule,residual_rule_output
S026,14,15,head_turn,gaze,ordinary_head_motion,low_head_motion,low_head_motion,moderate_turn_rule,low_motion_rule,residual_rule_output
S026,15,16,gaze,gaze,low_head_motion,low_head_motion,low_head_motion,low_motion_rule,low_motion_rule,residual_rule_output
S026,16,17,gaze,gaze,low_head_motion,low_head_motion,low_head_motion,low_motion_rule,low_motion_rule,residual_rule_output
S026,17,18,gaze,gaze,low_head_motion,low_head_motion,low_head_motion,low_motion_rule,low_motion_rule,residual_rule_output
S026,18,19,gaze,gaze,low_head_motion,low_head_motion,low_head_motion,low_motion_rule,low_motion_rule,residual_rule_output
S026,19,20,head_turn,head_turn,ordinary_head_motion,ordinary_head_motion,low_head_motion,moderate_turn_rule,moderate_turn_rule,residual_rule_output
S026,20,21,gaze,gaze,low_head_motion,low_head_motion,low_head_motion,low_motion_rule,low_motion_rule,residual_rule_output
S026,21,22,gaze,gaze,low_head_motion,low_head_motion,low_head_motion,low_motion_rule,low_motion_rule,residual_rule_output
S026,22,23,head_turn,head_turn,ordinary_head_motion,ordinary_head_motion,low_head_motion,moderate_turn_rule,moderate_turn_rule,residual_rule_output
S026,23,24,gaze,gaze,low_head_motion,low_head_motion,low_head_motion,low_motion_rule,low_motion_rule,residual_rule_output
S026,24,25,gaze,gaze,low_head_motion,low_head_motion,low_head_motion,low_motion_rule,low_motion_rule,residual_rule_output
S026,25,26,gaze,gaze,low_head_motion,low_head_motion,low_head_motion,low_motion_rule,low_motion_rule,residual_rule_output
S026,26,27,head_turn,head_turn,ordinary_head_motion,ordinary_head_motion,low_head_motion,moderate_turn_rule,moderate_turn_rule,residual_rule_output
S026,27,28,gaze,gaze,low_head_motion,low_head_motion,low_head_motion,low_motion_rule,low_motion_rule,residual_rule_output
S026,28,29,gaze,gaze,low_head_motion,low_head_motion,low_head_motion,low_motion_rule,low_motion_rule,residual_rule_output
S026,29,30,gaze,gaze,low_head_motion,low_head_motion,low_head_motion,low_motion_rule,low_motion_rule,residual_rule_output
S026,30,31,gaze,gaze,low_head_motion,low_head_motion,low_head_motion,low_motion_rule,low_motion_rule,residual_rule_output
S026,31,32,gaze,gaze,low_head_motion,low_head_motion,low_head_motion,low_motion_rule,low_motion_rule,residual_rule_output
S026,32,33,gaze,gaze,low_head_motion,low_head_motion,low_head_motion,low_motion_rule,low_motion_rule,residual_rule_output
S026,33,34,gaze,gaze,low_head_motion,low_head_motion,low_head_motion,low_motion_rule,low_motion_rule,residual_rule_output
S026,34,35,gaze,gaze,low_head_motion,low_head_motion,low_head_motion,low_motion_rule,low_motion_rule,residual_rule_output
S026,35,36,gaze,gaze,low_head_motion,low_head_motion,low_head_motion,low_motion_rule,low_motion_rule,residual_rule_output
S026,36,37,gaze,gaze,low_head_motion,low_head_motion,low_head_motion,low_motion_rule,low_motion_rule,residual_rule_output
S026,37,38,gaze,gaze,low_head_motion,low_head_motion,low_head_motion,low_motion_rule,low_motion_rule,residual_rule_output
S026,38,39,gaze,gaze,low_head_motion,low_head_motion,low_head_motion,low_motion_rule,low_motion_rule,residual_rule_output
S026,39,40,gaze,gaze,low_head_motion,low_head_motion,low_head_motion,low_motion_rule,low_motion_rule,residual_rule_output
S026,40,41,gaze,gaze,low_head_motion,low_head_motion,low_head_motion,low_motion_rule,low_motion_rule,residual_rule_output
S026,41,42,gaze,gaze,low_head_motion,low_head_motion,low_head_motion,low_motion_rule,low_motion_rule,residual_rule_output
S026,42,43,gaze,gaze,low_head_motion,low_head_motion,low_head_motion,low_motion_rule,low_motion_rule,residual_rule_output
S026,43,44,gaze,gaze,low_head_motion,low_head_motion,low_head_motion,low_motion_rule,low_motion_rule,residual_rule_output
S026,44,45,gaze,gaze,low_head_motion,low_head_motion,low_head_motion,low_motion_rule,low_motion_rule,residual_rule_output
S026,45,46,gaze,gaze,low_head_motion,low_head_motion,low_head_motion,low_motion_rule,low_motion_rule,residual_rule_output
S026,46,47,gaze,gaze,low_head_motion,low_head_motion,low_head_motion,low_motion_rule,low_motion_rule,residual_rule_output
S026,47,48,gaze,gaze,low_head_motion,low_head_motion,low_head_motion,low_motion_rule,low_motion_rule,residual_rule_output
S026,48,49,gaze,gaze,low_head_motion,low_head_motion,low_head_motion,low_motion_rule,low_motion_rule,residual_rule_output
S026,49,50,gaze,gaze,low_head_motion,low_head_motion,low_head_motion,low_motion_rule,low_motion_rule,residual_rule_output
S026,50,51,gaze,gaze,low_head_motion,low_head_motion,low_head_motion,low_motion_rule,low_motion_rule,residual_rule_output
S030,120,121,gaze,gaze,low_head_motion,low_head_motion,low_head_motion,low_motion_rule,low_motion_rule,residual_rule_output
S030,121,122,gaze,gaze,low_head_motion,low_head_motion,low_head_motion,low_motion_rule,low_motion_rule,residual_rule_output
S030,122,123,gaze,gaze,low_head_motion,low_head_motion,low_head_motion,low_motion_rule,low_motion_rule,residual_rule_output
S030,123,124,gaze,gaze,low_head_motion,low_head_motion,low_head_motion,low_motion_rule,low_motion_rule,residual_rule_output
S030,124,125,gaze,gaze,low_head_motion,low_head_motion,low_head_motion,low_motion_rule,low_motion_rule,residual_rule_output
S030,125,126,gaze,gaze,low_head_motion,low_head_motion,low_head_motion,low_motion_rule,low_motion_rule,residual_rule_output
S030,126,127,gaze,gaze,low_head_motion,low_head_motion,low_head_motion,low_motion_rule,low_motion_rule,residual_rule_output
S030,127,128,gaze,gaze,low_head_motion,low_head_motion,low_head_motion,low_motion_rule,low_motion_rule,residual_rule_output
S030,128,129,gaze,idle,low_head_motion,low_head_motion,low_head_motion,low_motion_rule,residual_rule_output,residual_rule_output
S030,129,130,idle,gaze,low_head_motion,low_head_motion,low_head_motion,residual_rule_output,low_motion_rule,residual_rule_output
S030,130,131,idle,gaze,low_head_motion,low_head_motion,ordinary_head_motion,residual_rule_output,low_motion_rule,residual_rule_output
S030,131,132,head_turn,gaze,ordinary_head_motion,low_head_motion,low_head_motion,moderate_turn_rule,low_motion_rule,residual_rule_output
S030,132,133,head_turn,head_turn,ordinary_head_motion,ordinary_head_motion,ordinary_head_motion,moderate_turn_rule,moderate_turn_rule,residual_rule_output
S030,133,134,gaze,gaze,low_head_motion,low_head_motion,ordinary_head_motion,low_motion_rule,low_motion_rule,residual_rule_output
S030,135,136,gaze,gaze,low_head_motion,low_head_motion,low_head_motion,low_motion_rule,low_motion_rule,residual_rule_output
S030,136,137,gaze,gaze,low_head_motion,low_head_motion,low_head_motion,low_motion_rule,low_motion_rule,residual_rule_output
S030,137,138,gaze,gaze,low_head_motion,low_head_motion,ordinary_head_motion,low_motion_rule,low_motion_rule,residual_rule_output
S030,138,139,gaze,gaze,low_head_motion,low_head_motion,low_head_motion,low_motion_rule,low_motion_rule,residual_rule_output
S030,139,140,gaze,gaze,low_head_motion,low_head_motion,low_head_motion,low_motion_rule,low_motion_rule,residual_rule_output
S030,140,141,gaze,gaze,low_head_motion,low_head_motion,low_head_motion,low_motion_rule,low_motion_rule,residual_rule_output
S030,141,142,sudden_turn,head_turn,rapid_head_motion,ordinary_head_motion,low_head_motion,rapid_turn_rule,moderate_turn_rule,residual_rule_output
S030,142,143,sudden_turn,gaze,rapid_head_motion,low_head_motion,low_head_motion,rapid_turn_rule,low_motion_rule,residual_rule_output
S030,143,144,gaze,gaze,low_head_motion,low_head_motion,low_head_motion,low_motion_rule,low_motion_rule,residual_rule_output
S030,144,145,gaze,gaze,low_head_motion,low_head_motion,low_head_motion,low_motion_rule,low_motion_rule,residual_rule_output
S030,145,146,gaze,gaze,low_head_motion,low_head_motion,low_head_motion,low_motion_rule,low_motion_rule,residual_rule_output
S030,146,147,gaze,gaze,low_head_motion,low_head_motion,ordinary_head_motion,low_motion_rule,low_motion_rule,moderate_turn_rule
S030,147,148,gaze,gaze,low_head_motion,low_head_motion,low_head_motion,low_motion_rule,low_motion_rule,residual_rule_output
S030,148,149,gaze,gaze,low_head_motion,low_head_motion,low_head_motion,low_motion_rule,low_motion_rule,residual_rule_output
S030,149,150,gaze,gaze,low_head_motion,low_head_motion,low_head_motion,low_motion_rule,low_motion_rule,residual_rule_output
S030,150,151,gaze,gaze,low_head_motion,low_head_motion,ordinary_head_motion,low_motion_rule,low_motion_rule,residual_rule_output
S032,458,459,head_turn,head_turn,ordinary_head_motion,ordinary_head_motion,ordinary_head_motion,moderate_turn_rule,moderate_turn_rule,moderate_turn_rule
S032,459,460,head_turn,head_turn,ordinary_head_motion,ordinary_head_motion,ordinary_head_motion,moderate_turn_rule,moderate_turn_rule,moderate_turn_rule
S032,460,461,gaze,gaze,low_head_motion,low_head_motion,low_head_motion,low_motion_rule,low_motion_rule,residual_rule_output
S032,461,462,gaze,gaze,low_head_motion,low_head_motion,low_head_motion,low_motion_rule,low_motion_rule,residual_rule_output
S032,462,463,gaze,gaze,low_head_motion,low_head_motion,low_head_motion,low_motion_rule,low_motion_rule,residual_rule_output
S032,463,464,gaze,gaze,low_head_motion,low_head_motion,low_head_motion,low_motion_rule,low_motion_rule,residual_rule_output
S032,464,465,gaze,gaze,low_head_motion,low_head_motion,low_head_motion,low_motion_rule,low_motion_rule,residual_rule_output
S032,465,466,idle,idle,low_head_motion,low_head_motion,ordinary_head_motion,residual_rule_output,residual_rule_output,residual_rule_output
S032,466,467,idle,idle,low_head_motion,low_head_motion,ordinary_head_motion,residual_rule_output,residual_rule_output,residual_rule_output
S032,467,468,idle,gaze,low_head_motion,low_head_motion,ordinary_head_motion,residual_rule_output,low_motion_rule,moderate_turn_rule
S032,468,469,idle,gaze,low_head_motion,low_head_motion,low_head_motion,residual_rule_output,low_motion_rule,residual_rule_output
S032,469,470,gaze,gaze,low_head_motion,low_head_motion,ordinary_head_motion,low_motion_rule,low_motion_rule,residual_rule_output
S032,470,471,gaze,gaze,low_head_motion,low_head_motion,low_head_motion,low_motion_rule,low_motion_rule,residual_rule_output
S032,471,472,head_turn,head_turn,ordinary_head_motion,ordinary_head_motion,low_head_motion,moderate_turn_rule,moderate_turn_rule,residual_rule_output
S032,473,474,head_turn,gaze,ordinary_head_motion,low_head_motion,low_head_motion,moderate_turn_rule,low_motion_rule,residual_rule_output
S032,474,475,gaze,gaze,low_head_motion,low_head_motion,low_head_motion,low_motion_rule,low_motion_rule,residual_rule_output
S032,475,476,gaze,gaze,low_head_motion,low_head_motion,low_head_motion,low_motion_rule,low_motion_rule,residual_rule_output
S032,476,477,gaze,gaze,low_head_motion,low_head_motion,low_head_motion,low_motion_rule,low_motion_rule,residual_rule_output
S032,477,478,gaze,gaze,low_head_motion,low_head_motion,low_head_motion,low_motion_rule,low_motion_rule,residual_rule_output
S032,478,479,gaze,gaze,low_head_motion,low_head_motion,ordinary_head_motion,low_motion_rule,low_motion_rule,residual_rule_output
S032,479,480,head_turn,head_turn,ordinary_head_motion,ordinary_head_motion,ordinary_head_motion,moderate_turn_rule,moderate_turn_rule,moderate_turn_rule
S032,480,481,gaze,gaze,low_head_motion,low_head_motion,low_head_motion,low_motion_rule,low_motion_rule,residual_rule_output
S032,481,482,head_turn,head_turn,ordinary_head_motion,ordinary_head_motion,ordinary_head_motion,moderate_turn_rule,moderate_turn_rule,moderate_turn_rule
S032,482,483,gaze,gaze,low_head_motion,low_head_motion,low_head_motion,low_motion_rule,low_motion_rule,residual_rule_output
S032,483,484,gaze,gaze,low_head_motion,low_head_motion,low_head_motion,low_motion_rule,low_motion_rule,residual_rule_output
S032,484,485,gaze,gaze,low_head_motion,low_head_motion,low_head_motion,low_motion_rule,low_motion_rule,residual_rule_output
S032,485,486,gaze,gaze,low_head_motion,low_head_motion,low_head_motion,low_motion_rule,low_motion_rule,residual_rule_output
S032,486,487,gaze,gaze,low_head_motion,low_head_motion,low_head_motion,low_motion_rule,low_motion_rule,residual_rule_output
S032,487,488,head_turn,head_turn,ordinary_head_motion,ordinary_head_motion,low_head_motion,moderate_turn_rule,moderate_turn_rule,residual_rule_output
S032,488,489,gaze,gaze,low_head_motion,low_head_motion,low_head_motion,low_motion_rule,low_motion_rule,residual_rule_output
S032,489,490,gaze,gaze,low_head_motion,low_head_motion,low_head_motion,low_motion_rule,low_motion_rule,residual_rule_output
S032,490,491,head_turn,head_turn,ordinary_head_motion,ordinary_head_motion,ordinary_head_motion,moderate_turn_rule,moderate_turn_rule,moderate_turn_rule
S033,78,79,sudden_turn,sudden_turn,rapid_head_motion,rapid_head_motion,ordinary_head_motion,rapid_turn_rule,rapid_turn_rule,moderate_turn_rule
S033,79,80,sudden_turn,sudden_turn,rapid_head_motion,rapid_head_motion,ordinary_head_motion,rapid_turn_rule,rapid_turn_rule,moderate_turn_rule
S033,80,81,sudden_turn,head_turn,rapid_head_motion,ordinary_head_motion,ordinary_head_motion,rapid_turn_rule,moderate_turn_rule,moderate_turn_rule
S033,81,82,gaze,gaze,low_head_motion,low_head_motion,low_head_motion,low_motion_rule,low_motion_rule,residual_rule_output
S033,82,83,gaze,head_turn,low_head_motion,ordinary_head_motion,ordinary_head_motion,low_motion_rule,moderate_turn_rule,moderate_turn_rule
S033,83,84,gaze,head_turn,low_head_motion,ordinary_head_motion,ordinary_head_motion,low_motion_rule,moderate_turn_rule,moderate_turn_rule
S033,84,85,head_turn,head_turn,ordinary_head_motion,ordinary_head_motion,ordinary_head_motion,moderate_turn_rule,moderate_turn_rule,moderate_turn_rule
S033,85,86,head_turn,gaze,ordinary_head_motion,low_head_motion,ordinary_head_motion,moderate_turn_rule,low_motion_rule,moderate_turn_rule
S033,86,87,head_turn,gaze,ordinary_head_motion,low_head_motion,ordinary_head_motion,moderate_turn_rule,low_motion_rule,moderate_turn_rule
S033,87,88,sudden_turn,sudden_turn,rapid_head_motion,rapid_head_motion,rapid_head_motion,rapid_turn_rule,rapid_turn_rule,rapid_turn_rule
S033,88,89,head_turn,head_turn,ordinary_head_motion,ordinary_head_motion,ordinary_head_motion,moderate_turn_rule,moderate_turn_rule,moderate_turn_rule
S033,89,90,gaze,head_turn,low_head_motion,ordinary_head_motion,rapid_head_motion,low_motion_rule,moderate_turn_rule,rapid_turn_rule
S033,90,91,gaze,head_turn,low_head_motion,ordinary_head_motion,rapid_head_motion,low_motion_rule,moderate_turn_rule,rapid_turn_rule
S033,91,92,sudden_turn,sudden_turn,rapid_head_motion,rapid_head_motion,ordinary_head_motion,rapid_turn_rule,rapid_turn_rule,residual_rule_output
S033,92,93,sudden_turn,sudden_turn,rapid_head_motion,rapid_head_motion,ordinary_head_motion,rapid_turn_rule,rapid_turn_rule,moderate_turn_rule
S033,93,94,sudden_turn,sudden_turn,rapid_head_motion,rapid_head_motion,low_head_motion,rapid_turn_rule,rapid_turn_rule,residual_rule_output
S033,94,95,sudden_turn,sudden_turn,rapid_head_motion,rapid_head_motion,low_head_motion,rapid_turn_rule,rapid_turn_rule,residual_rule_output
S033,96,97,head_turn,head_turn,ordinary_head_motion,ordinary_head_motion,ordinary_head_motion,moderate_turn_rule,moderate_turn_rule,moderate_turn_rule
S033,97,98,head_turn,gaze,ordinary_head_motion,low_head_motion,ordinary_head_motion,moderate_turn_rule,low_motion_rule,residual_rule_output
S033,98,99,gaze,head_turn,low_head_motion,ordinary_head_motion,low_head_motion,low_motion_rule,moderate_turn_rule,residual_rule_output
S033,99,100,head_turn,head_turn,ordinary_head_motion,ordinary_head_motion,ordinary_head_motion,moderate_turn_rule,moderate_turn_rule,moderate_turn_rule
S033,100,101,head_turn,head_turn,ordinary_head_motion,ordinary_head_motion,ordinary_head_motion,moderate_turn_rule,moderate_turn_rule,moderate_turn_rule
S033,101,102,gaze,gaze,low_head_motion,low_head_motion,low_head_motion,low_motion_rule,low_motion_rule,residual_rule_output
S033,102,103,head_turn,gaze,ordinary_head_motion,low_head_motion,low_head_motion,moderate_turn_rule,low_motion_rule,residual_rule_output
S033,103,104,head_turn,head_turn,ordinary_head_motion,ordinary_head_motion,ordinary_head_motion,moderate_turn_rule,moderate_turn_rule,moderate_turn_rule
S033,104,105,gaze,gaze,low_head_motion,low_head_motion,ordinary_head_motion,low_motion_rule,low_motion_rule,residual_rule_output
S033,105,106,gaze,gaze,low_head_motion,low_head_motion,low_head_motion,low_motion_rule,low_motion_rule,residual_rule_output
S033,106,107,gaze,head_turn,low_head_motion,ordinary_head_motion,low_head_motion,low_motion_rule,moderate_turn_rule,residual_rule_output
S033,107,108,head_turn,head_turn,ordinary_head_motion,ordinary_head_motion,low_head_motion,moderate_turn_rule,moderate_turn_rule,residual_rule_output
S033,108,109,head_turn,gaze,ordinary_head_motion,low_head_motion,ordinary_head_motion,moderate_turn_rule,low_motion_rule,moderate_turn_rule
S033,109,110,head_turn,head_turn,ordinary_head_motion,ordinary_head_motion,ordinary_head_motion,moderate_turn_rule,moderate_turn_rule,residual_rule_output
S033,110,111,head_turn,head_turn,ordinary_head_motion,ordinary_head_motion,ordinary_head_motion,moderate_turn_rule,moderate_turn_rule,moderate_turn_rule
