session_id,path_group,taxonomy,output,assigned_count,session_samples
S001,browser-compatible,six,rapid_turn_rule,24,3000
S001,browser-compatible,six,smooth_turn_rule,1002,3000
S001,browser-compatible,six,moderate_turn_rule,2,3000
S001,browser-compatible,six,acceleration_excursion_rule,28,3000
S001,browser-compatible,six,low_motion_rule,92,3000
S001,browser-compatible,six,residual_rule_output,1852,3000
S001,browser-compatible,three,low_head_motion,1970,3000
S001,browser-compatible,three,ordinary_head_motion,1006,3000
S001,browser-compatible,three,rapid_head_motion,24,3000
S005,ADB-like,six,rapid_turn_rule,44,2016
S005,ADB-like,six,smooth_turn_rule,0,2016
S005,ADB-like,six,moderate_turn_rule,457,2016
S005,ADB-like,six,acceleration_excursion_rule,38,2016
S005,ADB-like,six,low_motion_rule,0,2016
S005,ADB-like,six,residual_rule_output,1477,2016
S005,ADB-like,three,low_head_motion,1261,2016
S005,ADB-like,three,ordinary_head_motion,711,2016
S005,ADB-like,three,rapid_head_motion,44,2016
S006,ADB-like,six,rapid_turn_rule,76,1879
S006,ADB-like,six,smooth_turn_rule,0,1879
S006,ADB-like,six,moderate_turn_rule,347,1879
S006,ADB-like,six,acceleration_excursion_rule,50,1879
S006,ADB-like,six,low_motion_rule,0,1879
S006,ADB-like,six,residual_rule_output,1406,1879
S006,ADB-like,three,low_head_motion,1221,1879
S006,ADB-like,three,ordinary_head_motion,582,1879
S006,ADB-like,three,rapid_head_motion,76,1879
S007,ADB-like,six,rapid_turn_rule,50,1736
S007,ADB-like,six,smooth_turn_rule,0,1736
S007,ADB-like,six,moderate_turn_rule,641,1736
S007,ADB-like,six,acceleration_excursion_rule,97,1736
S007,ADB-like,six,low_motion_rule,0,1736
S007,ADB-like,six,residual_rule_output,948,1736
S007,ADB-like,three,low_head_motion,774,1736
S007,ADB-like,three,ordinary_head_motion,912,1736
S007,ADB-like,three,rapid_head_motion,50,1736
S008,ADB-like,six,rapid_turn_rule,64,1860
S008,ADB-like,six,smooth_turn_rule,0,1860
S008,ADB-like,six,moderate_turn_rule,359,1860
S008,ADB-like,six,acceleration_excursion_rule,50,1860
S008,ADB-like,six,low_motion_rule,0,1860
S008,ADB-like,six,residual_rule_output,1387,1860
S008,ADB-like,three,low_head_motion,1248,1860
S008,ADB-like,three,ordinary_head_motion,548,1860
S008,ADB-like,three,rapid_head_motion,64,1860
S009,browser-compatible,six,rapid_turn_rule,23,2441
S009,browser-compatible,six,smooth_turn_rule,0,2441
S009,browser-compatible,six,moderate_turn_rule,546,2441
S009,browser-compatible,six,acceleration_excursion_rule,56,2441
S009,browser-compatible,six,low_motion_rule,0,2441
S009,browser-compatible,six,residual_rule_output,1816,2441
S009,browser-compatible,three,low_head_motion,1564,2441
S009,browser-compatible,three,ordinary_head_motion,854,2441
S009,browser-compatible,three,rapid_head_motion,23,2441
S010,ADB-like,six,rapid_turn_rule,93,1821
S010,ADB-like,six,smooth_turn_rule,0,1821
S010,ADB-like,six,moderate_turn_rule,394,1821
S010,ADB-like,six,acceleration_excursion_rule,37,1821
S010,ADB-like,six,low_motion_rule,0,1821
S010,ADB-like,six,residual_rule_output,1297,1821
S010,ADB-like,three,low_head_motion,1147,1821
S010,ADB-like,three,ordinary_head_motion,581,1821
S010,ADB-like,three,rapid_head_motion,93,1821
S011,ADB-like,six,rapid_turn_rule,36,1638
S011,ADB-like,six,smooth_turn_rule,0,1638
S011,ADB-like,six,moderate_turn_rule,374,1638
S011,ADB-like,six,acceleration_excursion_rule,83,1638
S011,ADB-like,six,low_motion_rule,0,1638
S011,ADB-like,six,residual_rule_output,1145,1638
S011,ADB-like,three,low_head_motion,961,1638
S011,ADB-like,three,ordinary_head_motion,641,1638
S011,ADB-like,three,rapid_head_motion,36,1638
S013,ADB-like,six,rapid_turn_rule,3,1450
S013,ADB-like,six,smooth_turn_rule,0,1450
S013,ADB-like,six,moderate_turn_rule,170,1450
S013,ADB-like,six,acceleration_excursion_rule,29,1450
S013,ADB-like,six,low_motion_rule,0,1450
S013,ADB-like,six,residual_rule_output,1248,1450
S013,ADB-like,three,low_head_motion,1113,1450
S013,ADB-like,three,ordinary_head_motion,334,1450
S013,ADB-like,three,rapid_head_motion,3,1450
S014,ADB-like,six,rapid_turn_rule,124,1831
S014,ADB-like,six,smooth_turn_rule,0,1831
S014,ADB-like,six,moderate_turn_rule,509,1831
S014,ADB-like,six,acceleration_excursion_rule,57,1831
S014,ADB-like,six,low_motion_rule,0,1831
S014,ADB-like,six,residual_rule_output,1141,1831
S014,ADB-like,three,low_head_motion,963,1831
S014,ADB-like,three,ordinary_head_motion,744,1831
S014,ADB-like,three,rapid_head_motion,124,1831
S015,ADB-like,six,rapid_turn_rule,18,946
S015,ADB-like,six,smooth_turn_rule,0,946
S015,ADB-like,six,moderate_turn_rule,111,946
S015,ADB-like,six,acceleration_excursion_rule,0,946
S015,ADB-like,six,low_motion_rule,0,946
S015,ADB-like,six,residual_rule_output,817,946
S015,ADB-like,three,low_head_motion,756,946
S015,ADB-like,three,ordinary_head_motion,172,946
S015,ADB-like,three,rapid_head_motion,18,946
S017,ADB-like,six,rapid_turn_rule,42,1159
S017,ADB-like,six,smooth_turn_rule,0,1159
S017,ADB-like,six,moderate_turn_rule,229,1159
S017,ADB-like,six,acceleration_excursion_rule,0,1159
S017,ADB-like,six,low_motion_rule,0,1159
S017,ADB-like,six,residual_rule_output,888,1159
S017,ADB-like,three,low_head_motion,729,1159
S017,ADB-like,three,ordinary_head_motion,388,1159
S017,ADB-like,three,rapid_head_motion,42,1159
S018,ADB-like,six,rapid_turn_rule,98,1178
S018,ADB-like,six,smooth_turn_rule,0,1178
S018,ADB-like,six,moderate_turn_rule,389,1178
S018,ADB-like,six,acceleration_excursion_rule,0,1178
S018,ADB-like,six,low_motion_rule,0,1178
S018,ADB-like,six,residual_rule_output,691,1178
S018,ADB-like,three,low_head_motion,523,1178
S018,ADB-like,three,ordinary_head_motion,557,1178
S018,ADB-like,three,rapid_head_motion,98,1178
S019,ADB-like,six,rapid_turn_rule,116,1136
S019,ADB-like,six,smooth_turn_rule,0,1136
S019,ADB-like,six,moderate_turn_rule,354,1136
S019,ADB-like,six,acceleration_excursion_rule,0,1136
S019,ADB-like,six,low_motion_rule,0,1136
S019,ADB-like,six,residual_rule_output,666,1136
S019,ADB-like,three,low_head_motion,486,1136
S019,ADB-like,three,ordinary_head_motion,534,1136
S019,ADB-like,three,rapid_head_motion,116,1136
S020,ADB-like,six,rapid_turn_rule,39,1063
S020,ADB-like,six,smooth_turn_rule,0,1063
S020,ADB-like,six,moderate_turn_rule,251,1063
S020,ADB-like,six,acceleration_excursion_rule,0,1063
S020,ADB-like,six,low_motion_rule,0,1063
S020,ADB-like,six,residual_rule_output,773,1063
S020,ADB-like,three,low_head_motion,621,1063
S020,ADB-like,three,ordinary_head_motion,403,1063
S020,ADB-like,three,rapid_head_motion,39,1063
S021,ADB-like,six,rapid_turn_rule,4,1163
S021,ADB-like,six,smooth_turn_rule,0,1163
S021,ADB-like,six,moderate_turn_rule,130,1163
S021,ADB-like,six,acceleration_excursion_rule,0,1163
S021,ADB-like,six,low_motion_rule,0,1163
S021,ADB-like,six,residual_rule_output,1029,1163
S021,ADB-like,three,low_head_motion,944,1163
S021,ADB-like,three,ordinary_head_motion,215,1163
S021,ADB-like,three,rapid_head_motion,4,1163
S022,ADB-like,six,rapid_turn_rule,163,1114
S022,ADB-like,six,smooth_turn_rule,0,1114
S022,ADB-like,six,moderate_turn_rule,365,1114
S022,ADB-like,six,acceleration_excursion_rule,0,1114
S022,ADB-like,six,low_motion_rule,0,1114
S022,ADB-like,six,residual_rule_output,586,1114
S022,ADB-like,three,low_head_motion,431,1114
S022,ADB-like,three,ordinary_head_motion,520,1114
S022,ADB-like,three,rapid_head_motion,163,1114
S023,ADB-like,six,rapid_turn_rule,135,1134
S023,ADB-like,six,smooth_turn_rule,0,1134
S023,ADB-like,six,moderate_turn_rule,299,1134
S023,ADB-like,six,acceleration_excursion_rule,0,1134
S023,ADB-like,six,low_motion_rule,0,1134
S023,ADB-like,six,residual_rule_output,700,1134
S023,ADB-like,three,low_head_motion,556,1134
S023,ADB-like,three,ordinary_head_motion,443,1134
S023,ADB-like,three,rapid_head_motion,135,1134
S024,ADB-like,six,rapid_turn_rule,96,1146
S024,ADB-like,six,smooth_turn_rule,0,1146
S024,ADB-like,six,moderate_turn_rule,355,1146
S024,ADB-like,six,acceleration_excursion_rule,0,1146
S024,ADB-like,six,low_motion_rule,0,1146
S024,ADB-like,six,residual_rule_output,695,1146
S024,ADB-like,three,low_head_motion,554,1146
S024,ADB-like,three,ordinary_head_motion,496,1146
S024,ADB-like,three,rapid_head_motion,96,1146
S025,ADB-like,six,rapid_turn_rule,71,1156
S025,ADB-like,six,smooth_turn_rule,0,1156
S025,ADB-like,six,moderate_turn_rule,262,1156
S025,ADB-like,six,acceleration_excursion_rule,0,1156
S025,ADB-like,six,low_motion_rule,0,1156
S025,ADB-like,six,residual_rule_output,823,1156
S025,ADB-like,three,low_head_motion,693,1156
S025,ADB-like,three,ordinary_head_motion,392,1156
S025,ADB-like,three,rapid_head_motion,71,1156
S026,ADB-like,six,rapid_turn_rule,107,1080
S026,ADB-like,six,smooth_turn_rule,0,1080
S026,ADB-like,six,moderate_turn_rule,447,1080
S026,ADB-like,six,acceleration_excursion_rule,0,1080
S026,ADB-like,six,low_motion_rule,0,1080
S026,ADB-like,six,residual_rule_output,526,1080
S026,ADB-like,three,low_head_motion,365,1080
S026,ADB-like,three,ordinary_head_motion,608,1080
S026,ADB-like,three,rapid_head_motion,107,1080
S027,ADB-like,six,rapid_turn_rule,12,1837
S027,ADB-like,six,smooth_turn_rule,0,1837
S027,ADB-like,six,moderate_turn_rule,172,1837
S027,ADB-like,six,acceleration_excursion_rule,0,1837
S027,ADB-like,six,low_motion_rule,0,1837
S027,ADB-like,six,residual_rule_output,1653,1837
S027,ADB-like,three,low_head_motion,1524,1837
S027,ADB-like,three,ordinary_head_motion,301,1837
S027,ADB-like,three,rapid_head_motion,12,1837
S028,ADB-like,six,rapid_turn_rule,11,968
S028,ADB-like,six,smooth_turn_rule,0,968
S028,ADB-like,six,moderate_turn_rule,66,968
S028,ADB-like,six,acceleration_excursion_rule,0,968
S028,ADB-like,six,low_motion_rule,0,968
S028,ADB-like,six,residual_rule_output,891,968
S028,ADB-like,three,low_head_motion,821,968
S028,ADB-like,three,ordinary_head_motion,136,968
S028,ADB-like,three,rapid_head_motion,11,968
S029,ADB-like,six,rapid_turn_rule,20,1814
S029,ADB-like,six,smooth_turn_rule,0,1814
S029,ADB-like,six,moderate_turn_rule,455,1814
S029,ADB-like,six,acceleration_excursion_rule,0,1814
S029,ADB-like,six,low_motion_rule,0,1814
S029,ADB-like,six,residual_rule_output,1339,1814
S029,ADB-like,three,low_head_motion,1042,1814
S029,ADB-like,three,ordinary_head_motion,752,1814
S029,ADB-like,three,rapid_head_motion,20,1814
S030,ADB-like,six,rapid_turn_rule,40,1887
S030,ADB-like,six,smooth_turn_rule,0,1887
S030,ADB-like,six,moderate_turn_rule,301,1887
S030,ADB-like,six,acceleration_excursion_rule,0,1887
S030,ADB-like,six,low_motion_rule,0,1887
S030,ADB-like,six,residual_rule_output,1546,1887
S030,ADB-like,three,low_head_motion,1265,1887
S030,ADB-like,three,ordinary_head_motion,582,1887
S030,ADB-like,three,rapid_head_motion,40,1887
S031,ADB-like,six,rapid_turn_rule,40,1808
S031,ADB-like,six,smooth_turn_rule,0,1808
S031,ADB-like,six,moderate_turn_rule,475,1808
S031,ADB-like,six,acceleration_excursion_rule,0,1808
S031,ADB-like,six,low_motion_rule,0,1808
S031,ADB-like,six,residual_rule_output,1293,1808
S031,ADB-like,three,low_head_motion,1007,1808
S031,ADB-like,three,ordinary_head_motion,761,1808
S031,ADB-like,three,rapid_head_motion,40,1808
S032,ADB-like,six,rapid_turn_rule,19,1797
S032,ADB-like,six,smooth_turn_rule,0,1797
S032,ADB-like,six,moderate_turn_rule,340,1797
S032,ADB-like,six,acceleration_excursion_rule,0,1797
S032,ADB-like,six,low_motion_rule,0,1797
S032,ADB-like,six,residual_rule_output,1438,1797
S032,ADB-like,three,low_head_motion,1152,1797
S032,ADB-like,three,ordinary_head_motion,626,1797
S032,ADB-like,three,rapid_head_motion,19,1797
S033,ADB-like,six,rapid_turn_rule,115,1773
S033,ADB-like,six,smooth_turn_rule,0,1773
S033,ADB-like,six,moderate_turn_rule,447,1773
S033,ADB-like,six,acceleration_excursion_rule,0,1773
S033,ADB-like,six,low_motion_rule,0,1773
S033,ADB-like,six,residual_rule_output,1211,1773
S033,ADB-like,three,low_head_motion,911,1773
S033,ADB-like,three,ordinary_head_motion,747,1773
S033,ADB-like,three,rapid_head_motion,115,1773
S034,ADB-like,six,rapid_turn_rule,39,1729
S034,ADB-like,six,smooth_turn_rule,0,1729
S034,ADB-like,six,moderate_turn_rule,312,1729
S034,ADB-like,six,acceleration_excursion_rule,0,1729
S034,ADB-like,six,low_motion_rule,0,1729
S034,ADB-like,six,residual_rule_output,1378,1729
S034,ADB-like,three,low_head_motion,1177,1729
S034,ADB-like,three,ordinary_head_motion,513,1729
S034,ADB-like,three,rapid_head_motion,39,1729
