reference_id,intended_claim,doi,url,crossref_status,crossref_source,verified_title,verified_authors,verified_year,verified_journal,doi_landing_status,doi_landing_url,claim_evidence_level,claim_evidence_url,claim_evidence_locator,verbatim_supporting_excerpt,claim_keyword_hits,semantic_scope_note,semantic_review_status,audit_status
R01,Postural stability has been measured during virtual-reality exposure using an external balance reference.,10.3390/s20247138,https://doi.org/10.3390/s20247138,PASS,archived previously verified Crossref metadata,Wavelet Decomposition in Analysis of Impact of Virtual Reality Head Mounted Display Systems on Postural Stability,"Wodarski, Piotr; Jurkojć, Jacek; Gzik, Marek",2020,Sensors,403,https://www.mdpi.com/1424-8220/20/24/7138,Europe PMC full text,https://www.ebi.ac.uk/europepmc/webservices/rest/PMC7764736/fullTextXML,"PMC7764736, section: Abstract","This study investigated how spatial projection systems influences body balance including postural stability. Analyzing precisely defined frequency bands of movements of the center of pressure makes it possible to determine the effectiveness of the balance system’s response to disruptions and disorders and may be used as an indicator in the diagnosis of motor dysfunction. The study involved 28 participants for whom the center of pressure was assessed in a test with open eyes, closed eyes and with virtual reality projection. Percent distributions of energy during wavelet decomposition were calculated. Changes in body stability were determined for the virtual reality tests and these changes were classified as an intermediate value between the open-eyes test and the closed-eyes test. The results indicate the importance of using safety support systems in therapies involving Virtual Reality. T",postural stability|virtual reality,Excerpt located by keywords; author must confirm that the cited passage supports the final manuscript wording.,PENDING_AUTHOR_REVIEW,MANUAL_RECORD_CHECK
R02,Consumer HMD tracking requires independent evaluation before metrological claims.,10.1007/s10055-022-00637-3,https://doi.org/10.1007/s10055-022-00637-3,PASS,archived previously verified Crossref metadata,Evaluation of the Oculus Rift S tracking system in room scale virtual reality,"Monica, Riccardo; Aleotti, Jacopo",2022,Virtual Reality,200,https://link.springer.com/article/10.1007/s10055-022-00637-3?error=cookies_not_supported&code=d13fe592-c517-4082-be13-014a1fd0cb3e,Crossref abstract fallback,https://api.crossref.org/works/10.1007/s10055-022-00637-3,Crossref abstract,"Abstract In specific virtual reality applications that require high accuracy it may be advisable to replace the built-in tracking system of the HMD with a third party solution. The purpose of this research work is to evaluate the accuracy of the built-in tracking system of the Oculus Rift S Head Mounted Display (HMD) in room scale environments against a motion capture system. In particular, an experimental evaluation of the Oculus Rift S inside-out tracking technology was carried out, compared to the performance of an outside-in tracking method based on the OptiTrack motion capture system. In order to track the pose of the HMD using the motion capture system the Oculus Rift S was instrumented with passive retro-reflective markers and calibrated. Experiments have been performed on a dataset of multiple paths including simple motions as well as more complex paths. Each recorded path contai",tracking|accuracy,Excerpt located by keywords; author must confirm that the cited passage supports the final manuscript wording.,PENDING_AUTHOR_REVIEW,AUTOMATED_RECORD_COMPLETE
R03,Head orientation measured in HMD-based VR is behaviorally relevant but system dependent.,10.1007/s10055-022-00732-5,https://doi.org/10.1007/s10055-022-00732-5,PASS,archived previously verified Crossref metadata,Differences in virtual and physical head orientation predict sickness during active head-mounted display-based virtual reality,"Palmisano, Stephen; Allison, Robert S.; Teixeira, Joel; Kim, Juno",2023,Virtual Reality,200,https://link.springer.com/article/10.1007/s10055-022-00732-5?error=cookies_not_supported&code=2f4c2d4b-7624-4e96-a821-d516570b0d75,Europe PMC full text,https://www.ebi.ac.uk/europepmc/webservices/rest/PMC9761034/fullTextXML,"PMC9761034, section: Abstract","During head-mounted display (HMD)-based virtual reality (VR), head movements and motion-to-photon-based display lag generate differences in our virtual and physical head pose (referred to as DVP). We propose that large-amplitude, time-varying patterns of DVP serve as the primary trigger for cybersickness under such conditions. We test this hypothesis by measuring the sickness and estimating the DVP experienced under different levels of experimentally imposed display lag (ranging from 0 to 222 ms on top of the VR system’s ~ 4 ms baseline lag). On each trial, seated participants made continuous, oscillatory head rotations in yaw, pitch or roll while viewing a large virtual room with an Oculus Rift CV1 HMD (head movements were timed to a computer-generated metronome set at either 1.0 or 0.5 Hz). After the experiment, their head-tracking data were used to objectively estimate the DVP during ",head-mounted,Excerpt located by keywords; author must confirm that the cited passage supports the final manuscript wording.,PENDING_AUTHOR_REVIEW,AUTOMATED_RECORD_COMPLETE
R04,"Inertial HAR pipelines depend on acquisition, segmentation, features, and classification choices.",10.3390/s19143213,https://doi.org/10.3390/s19143213,PASS,archived previously verified Crossref metadata,Human Activity Recognition Using Inertial Sensors in a Smartphone: An Overview,"Sousa Lima, Wesllen; Souto, Eduardo; El-Khatib, Khalil; Jalali, Roozbeh; Gama, Joao",2019,Sensors,403,https://www.mdpi.com/1424-8220/19/14/3213,Europe PMC full text,https://www.ebi.ac.uk/europepmc/webservices/rest/PMC6679521/fullTextXML,"PMC6679521, section: 4. General Motivation for the Smartphone-Based HAR Area","From 2013, data fusion techniques for multiple sensors were applied in the feature extraction step [ 51 ]. In addition, more detailed studies for discovering accurate lightweight features were performed [ 52 ]. In 2014, some research focused on the data segmentation step with the objective of measuring the impact of time window size on the accuracy of classification models [ 53 ]. From 2015, the HAR area began to converge with the application of deep learning classification algorithms, with the first work developed by Alsheikh et al. [ 54 ]. From there, the classification models generated by the deep learning methods became the state of the art of classifying activities.",window|feature,Excerpt located by keywords; author must confirm that the cited passage supports the final manuscript wording.,PENDING_AUTHOR_REVIEW,MANUAL_RECORD_CHECK
R05,Inertial sensing has been applied to distinguish behaviors performed while sitting.,10.3390/s21196652,https://doi.org/10.3390/s21196652,PASS,archived previously verified Crossref metadata,Smartphone-Based Human Sitting Behaviors Recognition Using Inertial Sensor,"Sinha, Vikas Kumar; Patro, Kiran Kumar; Pławiak, Paweł; Prakash, Allam Jaya",2021,Sensors,403,https://www.mdpi.com/1424-8220/21/19/6652,Europe PMC full text,https://www.ebi.ac.uk/europepmc/webservices/rest/PMC8512024/fullTextXML,"PMC8512024, section: Abstract","At present, people spend most of their time in passive rather than active mode. Sitting with computers for a long time may lead to unhealthy conditions like shoulder pain, numbness, headache, etc. To overcome this problem, human posture should be changed for particular intervals of time. This paper deals with using an inertial sensor built in the smartphone and can be used to overcome the unhealthy human sitting behaviors (HSBs) of the office worker. To monitor, six volunteers are considered within the age band of 26 ± 3 years, out of which four were male and two were female. Here, the inertial sensor is attached to the rear upper trunk of the body, and a dataset is generated for five different activities performed by the subjects while sitting in the chair in the office. Correlation-based feature selection (CFS) technique and particle swarm optimization (PSO) methods are jointly used to",sitting|inertial,Excerpt located by keywords; author must confirm that the cited passage supports the final manuscript wording.,PENDING_AUTHOR_REVIEW,MANUAL_RECORD_CHECK
R06,Smartphone inertial streams can support activity analysis during seated media use.,10.3390/s20030655,https://doi.org/10.3390/s20030655,PASS,archived previously verified Crossref metadata,"Real-time Smartphone Activity Classification Using Inertial Sensors—Recognition of Scrolling, Typing, and Watching Videos While Sitting or Walking","Zhuo, Sijie; Sherlock, Lucas; Dobbie, Gillian; Koh, Yun Sing; Russello, Giovanni; Lottridge, Danielle",2020,Sensors,403,https://www.mdpi.com/1424-8220/20/3/655,Europe PMC full text,https://www.ebi.ac.uk/europepmc/webservices/rest/PMC7038357/fullTextXML,"PMC7038357, section: Abstract","By developing awareness of smartphone activities that the user is performing on their smartphone, such as scrolling feeds, typing and watching videos, we can develop application features that are beneficial to the users, such as personalization. It is currently not possible to access real-time smartphone activities directly, due to standard smartphone privileges and if internal movement sensors can detect them, there may be implications for access policies. Our research seeks to understand whether the sensor data from existing smartphone inertial measurement unit (IMU) sensors (triaxial accelerometers, gyroscopes and magnetometers) can be used to classify typical human smartphone activities. We designed and conducted a study with human participants which uses an Android app to collect motion data during scrolling, typing and watching videos, while walking or seated and the baseline of sm",inertial,Excerpt located by keywords; author must confirm that the cited passage supports the final manuscript wording.,PENDING_AUTHOR_REVIEW,MANUAL_RECORD_CHECK
R07,Sensor placement and multi-sensor combinations affect activity-recognition results.,10.3390/s16040426,https://doi.org/10.3390/s16040426,PASS,archived previously verified Crossref metadata,Complex Human Activity Recognition Using Smartphone and Wrist-Worn Motion Sensors,"Shoaib, Muhammad; Bosch, Stephan; Incel, Ozlem; Scholten, Hans; Havinga, Paul",2016,Sensors,403,https://www.mdpi.com/1424-8220/16/4/426,Europe PMC full text,https://www.ebi.ac.uk/europepmc/webservices/rest/PMC4850940/fullTextXML,"PMC4850940, section: Abstract","The position of on-body motion sensors plays an important role in human activity recognition. Most often, mobile phone sensors at the trouser pocket or an equivalent position are used for this purpose. However, this position is not suitable for recognizing activities that involve hand gestures, such as smoking, eating, drinking coffee and giving a talk. To recognize such activities, wrist-worn motion sensors are used. However, these two positions are mainly used in isolation. To use richer context information, we evaluate three motion sensors (accelerometer, gyroscope and linear acceleration sensor) at both wrist and pocket positions. Using three classifiers, we show that the combination of these two positions outperforms the wrist position alone, mainly at smaller segmentation windows. Another problem is that less-repetitive activities, such as smoking, eating, giving a talk and drinkin",sensor,Excerpt located by keywords; author must confirm that the cited passage supports the final manuscript wording.,PENDING_AUTHOR_REVIEW,MANUAL_RECORD_CHECK
R08,A recent wearable-IMU HAR study used a deep convolutional pipeline with time-frequency features.,10.3390/s23249721,https://doi.org/10.3390/s23249721,PASS,archived previously verified Crossref metadata,Deep Wavelet Convolutional Neural Networks for Multimodal Human Activity Recognition Using Wearable Inertial Sensors,"Vuong, Thi Hong; Doan, Tung; Takasu, Atsuhiro",2023,Sensors,403,https://www.mdpi.com/1424-8220/23/24/9721,Europe PMC full text,https://www.ebi.ac.uk/europepmc/webservices/rest/PMC10747357/fullTextXML,"PMC10747357, section: Abstract","Recent advances in wearable systems have made inertial sensors, such as accelerometers and gyroscopes, compact, lightweight, multimodal, low-cost, and highly accurate. Wearable inertial sensor-based multimodal human activity recognition (HAR) methods utilize the rich sensing data from embedded multimodal sensors to infer human activities. However, existing HAR approaches either rely on domain knowledge or fail to address the time-frequency dependencies of multimodal sensor signals. In this paper, we propose a novel method called deep wavelet convolutional neural networks (DWCNN) designed to learn features from the time-frequency domain and improve accuracy for multimodal HAR. DWCNN introduces a framework that combines continuous wavelet transforms (CWT) with enhanced deep convolutional neural networks (DCNN) to capture the dependencies of sensing signals in the time-frequency domain, the",deep|inertial,Excerpt located by keywords; author must confirm that the cited passage supports the final manuscript wording.,PENDING_AUTHOR_REVIEW,MANUAL_RECORD_CHECK
R09,A supervised IMU activity study separated model training from 10-fold cross-validation.,10.3390/s21227628,https://doi.org/10.3390/s21227628,PASS,archived previously verified Crossref metadata,Wearable IMU-Based Human Activity Recognition Algorithm for Clinical Balance Assessment Using 1D-CNN and GRU Ensemble Model,"Kim, Yeon-Wook; Joa, Kyung-Lim; Jeong, Han-Young; Lee, Sangmin",2021,Sensors,403,https://www.mdpi.com/1424-8220/21/22/7628,Europe PMC full text,https://www.ebi.ac.uk/europepmc/webservices/rest/PMC8621118/fullTextXML,"PMC8621118, section: 2.2. Methodology of the Proposed Method","Figure 4 presents the methodology of the proposed method. Before training the deep-learning model with the data, the dataset was improved, and 14 models were evaluated by 10-fold cross-validation.",training|cross-validation,Excerpt located by keywords; author must confirm that the cited passage supports the final manuscript wording.,PENDING_AUTHOR_REVIEW,MANUAL_RECORD_CHECK
R10,The Unity Experiment Framework is an open-source Unity resource for behavioral experiments that produces analysis-ready data files.,10.3758/s13428-019-01242-0,https://doi.org/10.3758/s13428-019-01242-0,PASS,archived previously verified Crossref metadata,Studying human behavior with virtual reality: The Unity Experiment Framework,"Brookes, Jack; Warburton, Matthew; Alghadier, Mshari; Mon-Williams, Mark; Mushtaq, Faisal",2020,Behavior Research Methods,200,https://link.springer.com/article/10.3758/s13428-019-01242-0?error=cookies_not_supported&code=6f1c712d-805c-4f69-bb3d-3c1c227511bf,Europe PMC full text,https://www.ebi.ac.uk/europepmc/webservices/rest/PMC7148262/fullTextXML,"PMC7148262, section: Summary","We have created an open-source resource that enables researchers to use the powerful gaming engine Unity when designing experiments. We tested the usefulness of UXF by designing an experiment that could be deployed within a museum setting. We found that UXF simplified the development of the experiment and produced measures, in the form of data files that were in a format that made subsequent data analysis straightforward. The data collected were consistent with the equivalent laboratory-based measures (reported over many decades of research), whereby children showed less postural stability than did adults, and whereby both adults and children showed greater sway when the visual information was perturbed. There are likely to be differences in the postural responses of both adults and children within a virtual environment relative to a laboratory setting, and we do not suggest that the data are quantitatively similar between these settings. Nonetheless, these data do show that remotely deployed VR systems can capture age differences and detect the outcomes of an experimental manipulation.",open-source resource|data files,Excerpt located by keywords; author must confirm that the cited passage supports the final manuscript wording.,PENDING_AUTHOR_REVIEW,AUTOMATED_RECORD_COMPLETE
R11,"OpenSense is an open-source IMU kinematics workflow that makes calibration, sensor fusion, and optical validation explicit.",10.1186/s12984-022-01001-x,https://doi.org/10.1186/s12984-022-01001-x,PASS,archived previously verified Crossref metadata,OpenSense: An open-source toolbox for inertial-measurement-unit-based measurement of lower extremity kinematics over long durations,"Al Borno, Mazen; O’Day, Johanna; Ibarra, Vanessa; Dunne, James; Seth, Ajay; Habib, Ayman; Ong, Carmichael; Hicks, Jennifer; Uhlrich, Scott; Delp, Scott",2022,Journal of NeuroEngineering and Rehabilitation,200,https://link.springer.com/article/10.1186/s12984-022-01001-x?error=cookies_not_supported&code=d6420db9-36f3-4af2-b82f-efed23aa8f4a,Crossref abstract fallback,https://api.crossref.org/works/10.1186/s12984-022-01001-x,Crossref abstract,"Abstract Background The ability to measure joint kinematics in natural environments over long durations using inertial measurement units (IMUs) could enable at-home monitoring and personalized treatment of neurological and musculoskeletal disorders. However, drift, or the accumulation of error over time, inhibits the accurate measurement of movement over long durations. We sought to develop an open-source workflow to estimate lower extremity joint kinematics from IMU data that was accurate and capable of assessing and mitigating drift. Methods We computed IMU-based estimates of kinematics using sensor fusion and an inverse kinematics approach with a constrained biomechanical model. We measured kinematics for 11 subjects as they performed two 10-min trials: walking and a repeated sequence of varied lower-extremity movements. To validate the approach, we compared the joint angles computed ",open-source|kinematics,Excerpt located by keywords; author must confirm that the cited passage supports the final manuscript wording.,PENDING_AUTHOR_REVIEW,AUTOMATED_RECORD_COMPLETE
R12,Windowed feature representation materially affects IMU activity classification.,10.3390/s18092892,https://doi.org/10.3390/s18092892,PASS,archived previously verified Crossref metadata,Feature Representation and Data Augmentation for Human Activity Classification Based on Wearable IMU Sensor Data Using a Deep LSTM Neural Network,"Steven Eyobu, Odongo; Han, Dong Seog",2018,Sensors,403,https://www.mdpi.com/1424-8220/18/9/2892,Europe PMC full text,https://www.ebi.ac.uk/europepmc/webservices/rest/PMC6165524/fullTextXML,"PMC6165524, section: 3. Proposed Approach","This study is based on the paradigm illustrated by Figure 1 . The contributions in this study are in the feature extraction block and data augmentation block. In the feature extraction block, the short Fourier transform (STFT) is used as a tool to generate a spectrogram from which the spectral information is extracted. The STFT is performed on IMU sensor raw data generated in a time window period of 3 s and later on its subsequent time overlaps. The spectral information is shaped as a vector which is reduced in length by sorting and extracting a set of defined least and greatest values hence forming the data abstraction. The manipulation to reduce on the size of the spectral information is motivated by the fact that large input feature vectors cause a long training time for a deep learning system compared to shorter feature vectors. The manipulated spectral feature vectors are finally us",window|feature,Excerpt located by keywords; author must confirm that the cited passage supports the final manuscript wording.,PENDING_AUTHOR_REVIEW,MANUAL_RECORD_CHECK
R13,Different time- and frequency-domain feature sets can change HAR performance.,10.3390/s18124189,https://doi.org/10.3390/s18124189,PASS,archived previously verified Crossref metadata,Comparison of Different Sets of Features for Human Activity Recognition by Wearable Sensors,"Rosati, Samanta; Balestra, Gabriella; Knaflitz, Marco",2018,Sensors,403,https://www.mdpi.com/1424-8220/18/12/4189,Europe PMC full text,https://www.ebi.ac.uk/europepmc/webservices/rest/PMC6308535/fullTextXML,"PMC6308535, section: Abstract","Human Activity Recognition (HAR) refers to an emerging area of interest for medical, military, and security applications. However, the identification of the features to be used for activity classification and recognition is still an open point. The aim of this study was to compare two different feature sets for HAR. Particularly, we compared a set including time, frequency, and time-frequency domain features widely used in literature ( FeatSet_A ) with a set of time-domain features derived by considering the physical meaning of the acquired signals ( FeatSet_B ). The comparison of the two sets were based on the performances obtained using four machine learning classifiers. Sixty-one healthy subjects were asked to perform seven different daily activities wearing a MIMU-based device. Each signal was segmented using a 5-s window and for each window, 222 and 221 variables were extracted for ",features|classification,Excerpt located by keywords; author must confirm that the cited passage supports the final manuscript wording.,PENDING_AUTHOR_REVIEW,MANUAL_RECORD_CHECK
R14,Lab Streaming Layer synchronizes software streams using per-sample timestamps and network offset and jitter correction.,10.1162/imag.a.136,https://doi.org/10.1162/imag.a.136,PASS,archived previously verified Crossref metadata,The lab streaming layer for synchronized multimodal recording,"Kothe, Christian; Shirazi, Seyed Yahya; Stenner, Tristan; Medine, David; Boulay, Chadwick; Grivich, Matthew I.; Artoni, Fiorenzo; Mullen, Tim; Delorme, Arnaud; Makeig, Scott",2025,Imaging Neuroscience,403,https://direct.mit.edu/imag/article/doi/10.1162/IMAG.a.136/132678/The-lab-streaming-layer-for-synchronized,Crossref abstract fallback,https://api.crossref.org/works/10.1162/imag.a.136,Crossref abstract,"Abstract Accurately recording the interactions of humans or other organisms with their environment and other agents requires synchronized data access via multiple instruments, often running independently using different clocks. Active, hardware-mediated solutions are often infeasible or prohibitively costly to build and run across arbitrary collections of input systems. The Lab Streaming Layer (LSL) framework offers a software-based approach to synchronizing data streams based on per-sample time stamps and time synchronization across a common local area network (LAN). Built from the ground up for neurophysiological applications and designed for reliability, LSL offers zero-configuration functionality and accounts for network delays and jitters, making connection recovery, offset correction, and jitter compensation possible. These features can ensure continuous, millisecond-precise data r",time stamps|synchronizing,Excerpt located by keywords; author must confirm that the cited passage supports the final manuscript wording.,PENDING_AUTHOR_REVIEW,MANUAL_RECORD_CHECK
R15,IMU-HAR research includes sample-level data valuation within supervised model training.,10.3390/s23010184,https://doi.org/10.3390/s23010184,PASS,archived previously verified Crossref metadata,Data Valuation Algorithm for Inertial Measurement Unit-Based Human Activity Recognition,"Kim, Yeon-Wook; Lee, Sangmin",2023,Sensors,403,https://www.mdpi.com/1424-8220/23/1/184,Europe PMC full text,https://www.ebi.ac.uk/europepmc/webservices/rest/PMC9823777/fullTextXML,"PMC9823777, section: Abstract","This paper proposes a data valuation algorithm for inertial measurement unit-based human activity recognition (IMU-based HAR) data based on meta reinforcement learning. Unlike previous studies that received feature-level input, the algorithm in this study added a feature extraction structure to the data valuation algorithm, and it can receive raw-level inputs and achieve excellent performance. As IMU-based HAR data are multivariate time-series data, the proposed algorithm incorporates an architecture capable of extracting both local and global features by inserting a transformer encoder after the one-dimensional convolutional neural network (1D-CNN) backbone in the data value estimator. In addition, the 1D-CNN-based stacking ensemble structure, which exhibits excellent efficiency and performance on IMU-based HAR data, is used as a predictor to supervise model training. The Berg balance s",data valuation|training,Excerpt located by keywords; author must confirm that the cited passage supports the final manuscript wording.,PENDING_AUTHOR_REVIEW,MANUAL_RECORD_CHECK
R16,Data quality and reliability checks are necessary before downstream activity recognition.,10.3390/s20185264,https://doi.org/10.3390/s20185264,PASS,archived previously verified Crossref metadata,Data Quality and Reliability Assessment of Wearable EMG and IMU Sensor for Construction Activity Recognition,"Bangaru, Srikanth Sagar; Wang, Chao; Aghazadeh, Fereydoun",2020,Sensors,403,https://www.mdpi.com/1424-8220/20/18/5264,Europe PMC full text,https://www.ebi.ac.uk/europepmc/webservices/rest/PMC7570501/fullTextXML,"PMC7570501, section: Abstract","The workforce shortage is one of the significant problems in the construction industry. To overcome the challenges due to workforce shortage, various researchers have proposed wearable sensor-based systems in the area of construction safety and health. Although sensors provide rich and detailed information, not all sensors can be used for construction applications. This study evaluates the data quality and reliability of forearm electromyography (EMG) and inertial measurement unit (IMU) of armband sensors for construction activity classification. To achieve the proposed objective, the forearm EMG and IMU data collected from eight participants while performing construction activities such as screwing, wrenching, lifting, and carrying on two different days were used to analyze the data quality and reliability for activity recognition through seven different experiments. The results of thes",data quality|reliability,Excerpt located by keywords; author must confirm that the cited passage supports the final manuscript wording.,PENDING_AUTHOR_REVIEW,MANUAL_RECORD_CHECK
R17,IMU fusion algorithms differ in functional and implementation properties.,10.3390/s21082747,https://doi.org/10.3390/s21082747,PASS,archived previously verified Crossref metadata,On the Functional and Extra-Functional Properties of IMU Fusion Algorithms for Body-Worn Smart Sensors,"Büscher, Nils; Gis, Daniel; Kühn, Volker; Haubelt, Christian",2021,Sensors,403,https://www.mdpi.com/1424-8220/21/8/2747,Europe PMC full text,https://www.ebi.ac.uk/europepmc/webservices/rest/PMC8069451/fullTextXML,"PMC8069451, section: Abstract","In this work, four sensor fusion algorithms for inertial measurement unit data to determine the orientation of a device are assessed regarding their usability in a hardware restricted environment such as body-worn sensor nodes. The assessment is done for both the functional and the extra-functional properties in the context of human operated devices. The four algorithms are implemented in three data formats: 32-bit floating-point, 32-bit fixed-point and 16-bit fixed-point and compared regarding code size, computational effort, and fusion quality. Code size and computational effort are evaluated on an ARM Cortex M0+. For the assessment of the functional properties, the sensor fusion output is compared to a camera generated reference and analyzed in an extensive statistical analysis to determine how data format, algorithm, and human interaction influence the quality of the sensor fusion. O",fusion|algorithm,Excerpt located by keywords; author must confirm that the cited passage supports the final manuscript wording.,PENDING_AUTHOR_REVIEW,MANUAL_RECORD_CHECK
R18,Comparing IMU orientation with motion capture requires explicit frame alignment.,10.3390/s18114003,https://doi.org/10.3390/s18114003,PASS,archived previously verified Crossref metadata,Quaternion-Based Local Frame Alignment between an Inertial Measurement Unit and a Motion Capture System,"Lee, Jung Keun; Jung, Woo Chang",2018,Sensors,403,https://www.mdpi.com/1424-8220/18/11/4003,Europe PMC full text,https://www.ebi.ac.uk/europepmc/webservices/rest/PMC6263645/fullTextXML,"PMC6263645, section: Abstract","Local frame alignment between an inertial measurement unit (IMU) system and an optical motion capture system (MCS) is necessary to combine the two systems for motion analysis and to validate the accuracy of IMU-based motion data by using references obtained through the MCS. In this study, we propose a new quaternion-based local frame alignment method where equations of angular velocity transformation are used to determine the frame alignment orientation in the form of quaternion. The performance of the proposed method was compared with those of three other methods by using data with different angular velocities, noises, and alignment orientations. Furthermore, the effects of the following three factors on the estimation performance were investigated for the first time: (i) transformation concept, i.e., angular velocity transformation vs. angle transformation; (ii) orientation representat",alignment|motion capture,Excerpt located by keywords; author must confirm that the cited passage supports the final manuscript wording.,PENDING_AUTHOR_REVIEW,MANUAL_RECORD_CHECK
R19,"Joint-angle derivation from IMUs depends on calibration, fusion, and anatomical alignment.",10.3390/s23146535,https://doi.org/10.3390/s23146535,PASS,archived previously verified Crossref metadata,Conversion of Upper-Limb Inertial Measurement Unit Data to Joint Angles: A Systematic Review,"Fang, Zhou; Woodford, Sarah; Senanayake, Damith; Ackland, David",2023,Sensors,403,https://www.mdpi.com/1424-8220/23/14/6535,Europe PMC full text,https://www.ebi.ac.uk/europepmc/webservices/rest/PMC10386307/fullTextXML,"PMC10386307, section: Abstract","Inertial measurement units (IMUs) have become the mainstay in human motion evaluation outside of the laboratory; however, quantification of 3-dimensional upper limb motion using IMUs remains challenging. The objective of this systematic review is twofold. Firstly, to evaluate computational methods used to convert IMU data to joint angles in the upper limb, including for the scapulothoracic, humerothoracic, glenohumeral, and elbow joints; and secondly, to quantify the accuracy of these approaches when compared to optoelectronic motion analysis. Fifty-two studies were included. Maximum joint motion measurement accuracy from IMUs was achieved using Euler angle decomposition and Kalman-based filters. This resulted in differences between IMU and optoelectronic motion analysis of 4 ° across all degrees of freedom of humerothoracic movement. Higher accuracy has been achieved at the elbow joint ",joint angle,Excerpt located by keywords; author must confirm that the cited passage supports the final manuscript wording.,PENDING_AUTHOR_REVIEW,MANUAL_RECORD_CHECK
R20,Low-cost attitude estimation depends on filtering and sensor-model assumptions.,10.3390/mi13081283,https://doi.org/10.3390/mi13081283,PASS,archived previously verified Crossref metadata,Research on Gradient-Descent Extended Kalman Attitude Estimation Method for Low-Cost MARG,"Liu, Ning; Qi, Wenhao; Su, Zhong; Feng, Qunzhuo; Yuan, Chaojie",2022,Micromachines,403,https://www.mdpi.com/2072-666X/13/8/1283,Europe PMC full text,https://www.ebi.ac.uk/europepmc/webservices/rest/PMC9414539/fullTextXML,"PMC9414539, section: Abstract","Aiming at the problem of the weak dynamic performance of the gradient descent method in the attitude and heading reference system, the susceptibility to the interference of accelerometers and magnetometers, and the complex calculation of the nonlinear Kalman Filter method, an extended Kalman filter suitable for a low-cost magnetic, angular rate, and gravity (MARG) sensor system is proposed. The method proposed in this paper is a combination of a two-stage gradient descent algorithm and the extended Kalman filter (GDEKF). First, the accelerometer and magnetometer are used to correct the attitude angle according to the two-stage gradient descent algorithm. The obtained attitude quaternion is combined with the gyroscope measurement value as the observation vector of EKF and the calculated attitude of the gyroscope and the bias of the gyroscope are corrected. The elimination of the bias of t",attitude|low-cost,Excerpt located by keywords; author must confirm that the cited passage supports the final manuscript wording.,PENDING_AUTHOR_REVIEW,MANUAL_RECORD_CHECK
R21,Low-cost IMUs may require device-specific calibration.,10.3389/frobt.2021.772583,https://doi.org/10.3389/frobt.2021.772583,PASS,archived previously verified Crossref metadata,Calib-Net: Calibrating the Low-Cost IMU via Deep Convolutional Neural Network,"Li, Ruihao; Fu, Chunlian; Yi, Wei; Yi, Xiaodong",2022,Frontiers in Robotics and AI,200,https://www.frontiersin.org/journals/robotics-and-ai/articles/10.3389/frobt.2021.772583/full,Europe PMC full text,https://www.ebi.ac.uk/europepmc/webservices/rest/PMC8762311/fullTextXML,"PMC8762311, section: Abstract","The low-cost Inertial Measurement Unit (IMU) can provide orientation information and is widely used in our daily life. However, IMUs with bad calibration will provide inaccurate angular velocity and lead to rapid drift of integral orientation in a short time. In this paper, we present the Calib-Net which can achieve the accurate calibration of low-cost IMU via a simple deep convolutional neural network. Following a carefully designed mathematical calibration model, Calib-Net can output compensation components for gyroscope measurements dynamically. Dilation convolution is adopted in Calib-Net for spatio-temporal feature extraction of IMU measurements. We evaluate our proposed system on public datasets quantitively and qualitatively. The experimental results demonstrate that our Calib-Net achieves better calibration performance than other methods, what is more, and the estimated orientati",calibration|low-cost,Excerpt located by keywords; author must confirm that the cited passage supports the final manuscript wording.,PENDING_AUTHOR_REVIEW,AUTOMATED_RECORD_COMPLETE
R22,Low-cost IMU motion-capture workflows trade deployment simplicity against measurement constraints.,10.3390/s24020686,https://doi.org/10.3390/s24020686,PASS,archived previously verified Crossref metadata,A Low-Cost Inertial Measurement Unit Motion Capture System for Operation Posture Collection and Recognition,"Yin, Mingyue; Li, Jianguang; Wang, Tiancong",2024,Sensors,403,https://www.mdpi.com/1424-8220/24/2/686,Europe PMC full text,https://www.ebi.ac.uk/europepmc/webservices/rest/PMC11154322/fullTextXML,"PMC11154322, section: Abstract","In factories, human posture recognition facilitates human–machine collaboration, human risk management, and workflow improvement. Compared to optical sensors, inertial sensors have the advantages of portability and resistance to obstruction, making them suitable for factories. However, existing product-level inertial sensing solutions are generally expensive. This paper proposes a low-cost human motion capture system based on BMI 160, a type of six-axis inertial measurement unit (IMU). Based on WIFI communication, the collected data are processed to obtain the displacement of human joints’ rotation angles around XYZ directions and the displacement in XYZ directions, then the human skeleton hierarchical relationship was combined to calculate the real-time human posture. Furthermore, the digital human model was been established on Unity3D to synchronously visualize and present human moveme",low-cost|motion capture,Excerpt located by keywords; author must confirm that the cited passage supports the final manuscript wording.,PENDING_AUTHOR_REVIEW,MANUAL_RECORD_CHECK
R23,A low-cost flight-controller IMU was compared with commercial sensors for human-motion measurement.,10.3390/s23042342,https://doi.org/10.3390/s23042342,PASS,archived previously verified Crossref metadata,Flight Controller as a Low-Cost IMU Sensor for Human Motion Measurement,"Iluk, Artur",2023,Sensors,403,https://www.mdpi.com/1424-8220/23/4/2342,Europe PMC full text,https://www.ebi.ac.uk/europepmc/webservices/rest/PMC9966737/fullTextXML,"PMC9966737, section: Abstract","Human motion analysis requires information about the position and orientation of different parts of the human body over time. Widely used are optical methods such as the VICON system and sets of wired and wireless IMU sensors to estimate absolute orientation angles of extremities (Xsens). Both methods require expensive measurement devices and have disadvantages such as the limited rate of position and angle acquisition. In the paper, the adaptation of the drone flight controller was proposed as a low-cost and relatively high-performance device for the human body pose estimation and acceleration measurements. The test setup with the use of flight controllers was described and the efficiency of the flight controller sensor was compared with commercial sensors. The practical usability of sensors in human motion measurement was presented. The issues related to the dynamic response of IMU-bas",compared|commercial sensors,Excerpt located by keywords; author must confirm that the cited passage supports the final manuscript wording.,PENDING_AUTHOR_REVIEW,MANUAL_RECORD_CHECK
R24,"Wearable IMU reporting is heterogeneous in devices, placement, and outcomes.",10.3390/s22051791,https://doi.org/10.3390/s22051791,PASS,archived previously verified Crossref metadata,Recent State of Wearable IMU Sensors Use in People Living with Spasticity: A Systematic Review,"Weizman, Yehuda; Tirosh, Oren; Fuss, Franz Konstantin; Tan, Adin Ming; Rutz, Erich",2022,Sensors,403,https://www.mdpi.com/1424-8220/22/5/1791,Europe PMC full text,https://www.ebi.ac.uk/europepmc/webservices/rest/PMC8914967/fullTextXML,"PMC8914967, section: Abstract","Spasticity is a disabling characteristic of neurological disorders, described by a velocity-dependent increase in muscle tone during passive stretch. During the last few years, many studies have been carried out to assess spasticity using wearable IMU (inertial measurements unit) sensors. This review aims to provide an updated framework of the current research on IMUs wearable sensors in people living with spasticity in recent studies published between 2017 and 2021. A total of 322 articles were screened, then finally 10 articles were selected. Results show the lack of homogenization of study procedures and missing apparatus information in some studies. Still, most studies performed adequately on measures of reporting and found that IMUs wearable data was successful in their respective purposes and goals. As IMUs estimate translational and rotational body motions, we believe there is a s",IMU|review,Excerpt located by keywords; author must confirm that the cited passage supports the final manuscript wording.,PENDING_AUTHOR_REVIEW,MANUAL_RECORD_CHECK
R25,"Recent work directly compares inside-out tracking across Meta Quest 3, Pico 4 Pro, and other standalone HMDs.",10.1145/3641825.3689518,https://doi.org/10.1145/3641825.3689518,PASS,archived previously verified Crossref metadata,"Comparing Tracking Accuracy in Standalone MR-HMDs: Apple Vision Pro, Hololens 2, Meta Quest 3, and Pico 4 Pro","Cheng, Long; Schreiner, Michael; Kunz, Andreas",2024,30th ACM Symposium on Virtual Reality Software and Technology,403,https://dl.acm.org/doi/10.1145/3641825.3689518,Semantic Scholar abstract fallback,https://www.semanticscholar.org/paper/c00feb9f64c7545751ec0f42cb88e2a003c283e0,Semantic Scholar abstract; publisher full text is closed,"Modern Mixed Reality Head-Mounted Displays (MR-HMDs) can track user movements across large spaces without external markers. This study evaluates the tracking accuracy and the loop closure capabilities of four commercially available MR-HMDs across four distinct scenarios. We found consistent tracking performance in well-lit and expansive environments for all devices. Tracking accuracy remained stable even in outdoor nighttime conditions. Furthermore, most HMDs demonstrated effective error correction during loop closure, with errors in non-loop scenarios consistently exceeding those in loop scenarios.",tracking accuracy,Excerpt located by keywords; author must confirm that the cited passage supports the final manuscript wording.,PENDING_AUTHOR_REVIEW,MANUAL_RECORD_CHECK
R26,"Wearable-HAR acquisition is affected by sensor alignment, data loss, and noise.",10.3390/s17061287,https://doi.org/10.3390/s17061287,PASS,archived previously verified Crossref metadata,Wearable Sensor Data Classification for Human Activity Recognition Based on an Iterative Learning Framework,"Davila, Juan; Cretu, Ana-Maria; Zaremba, Marek",2017,Sensors,403,https://www.mdpi.com/1424-8220/17/6/1287,Europe PMC full text,https://www.ebi.ac.uk/europepmc/webservices/rest/PMC5492798/fullTextXML,"PMC5492798, section: 1. Introduction","Wearable sensor technologies are gaining interest in different research communities due to the use of significantly miniaturized electronic components, with low power consumption, which makes them ideal for applications in human activity recognition for both indoor and outdoor environments [ 1 ]. These applications allow users to achieve a natural execution of any physical activity, while providing good results in multiple practical applications, such as health rehabilitation, respiratory and muscular activity assessment, sports and safety applications [ 2 ]. However, in practical situations, the collected data are affected by several factors related to sensor data alignment, data losses, and noise among other experimental constrains, deteriorating data quality and model accuracy [ 3 ]. Also, the non-ergodicity of the acquisition process, especially when processing signals from accelerat",alignment|data losses,Excerpt located by keywords; author must confirm that the cited passage supports the final manuscript wording.,PENDING_AUTHOR_REVIEW,MANUAL_RECORD_CHECK
R27,Optical motion capture can serve as a reference for validating IMU-derived angles.,10.3390/s19030596,https://doi.org/10.3390/s19030596,PASS,archived previously verified Crossref metadata,Validation of Thigh Angle Estimation Using Inertial Measurement Unit Data against Optical Motion Capture Systems,"Abhayasinghe, Nimsiri; Murray, Iain; Sharif Bidabadi, Shiva",2019,Sensors,403,https://www.mdpi.com/1424-8220/19/3/596,Europe PMC full text,https://www.ebi.ac.uk/europepmc/webservices/rest/PMC6387008/fullTextXML,"PMC6387008, section: 2. Materials and Methods","The synchronization of the movement of the two thighs was also measured and depicted in Figure 3 . It can be seen that the toe-off of one leg is closely synchronized to the initial contact of the other leg. These observations indicate that proper estimation of the thigh angle of one leg is sufficient to identify key points of the stride cycle of both legs of subjects without gait impairment. However, these observations were made with the Vicon optical motion capture system and it is necessary to compare the thigh angle computed with GIOF for the purpose of validation.",optical motion capture|validation,Excerpt located by keywords; author must confirm that the cited passage supports the final manuscript wording.,PENDING_AUTHOR_REVIEW,MANUAL_RECORD_CHECK
R28,Drift and displacement estimation are central limitations in single-IMU motion analysis.,10.3390/s22030956,https://doi.org/10.3390/s22030956,PASS,archived previously verified Crossref metadata,Drift-Free 3D Orientation and Displacement Estimation for Quasi-Cyclical Movements Using One Inertial Measurement Unit: Application to Running,"Zandbergen, Marit A.; Reenalda, Jasper; van Middelaar, Robbert P.; Ferla, Romano I.; Buurke, Jaap H.; Veltink, Peter H.",2022,Sensors,403,https://www.mdpi.com/1424-8220/22/3/956,Europe PMC full text,https://www.ebi.ac.uk/europepmc/webservices/rest/PMC8838725/fullTextXML,"PMC8838725, section: Abstract","A Drift-Free 3D Orientation and Displacement estimation method (DFOD) based on a single inertial measurement unit (IMU) is proposed and validated. Typically, body segment orientation and displacement methods rely on a constant- or zero-velocity point to correct for drift. Therefore, they are not easily applicable to more proximal segments than the foot. DFOD uses an alternative single sensor drift reduction strategy based on the quasi-cyclical nature of many human movements. DFOD assumes that the quasi-cyclical movement occurs in a quasi-2D plane and with an approximately constant cycle average velocity. DFOD is independent of a constant- or zero-velocity point, a biomechanical model, Kalman filtering or a magnetometer. DFOD reduces orientation drift by assuming a cyclical movement, and by defining a functional coordinate system with two functional axes. These axes are based on the mean ",drift|displacement,Excerpt located by keywords; author must confirm that the cited passage supports the final manuscript wording.,PENDING_AUTHOR_REVIEW,MANUAL_RECORD_CHECK
R29,Optical motion-capture systems have their own measurable positioning performance.,10.3390/s17071591,https://doi.org/10.3390/s17071591,PASS,archived previously verified Crossref metadata,A Study of Vicon System Positioning Performance,"Merriaux, Pierre; Dupuis, Yohan; Boutteau, Rémi; Vasseur, Pascal; Savatier, Xavier",2017,Sensors,403,https://www.mdpi.com/1424-8220/17/7/1591,Europe PMC full text,https://www.ebi.ac.uk/europepmc/webservices/rest/PMC5551098/fullTextXML,"PMC5551098, section: Abstract","Motion capture setups are used in numerous fields. Studies based on motion capture data can be found in biomechanical, sport or animal science. Clinical science studies include gait analysis as well as balance, posture and motor control. Robotic applications encompass object tracking. Today’s life applications includes entertainment or augmented reality. Still, few studies investigate the positioning performance of motion capture setups. In this paper, we study the positioning performance of one player in the optoelectronic motion capture based on markers: Vicon system. Our protocol includes evaluations of static and dynamic performances. Mean error as well as positioning variabilities are studied with calibrated ground truth setups that are not based on other motion capture modalities. We introduce a new setup that enables directly estimating the absolute positioning accuracy for dynami",Vicon|positioning,Excerpt located by keywords; author must confirm that the cited passage supports the final manuscript wording.,PENDING_AUTHOR_REVIEW,MANUAL_RECORD_CHECK
R30,WebXR exposes viewer and space poses through browser-managed XRFrame methods.,,https://www.w3.org/TR/webxr/,NOT_APPLICABLE,standards/developer documentation,W3C WebXR Device API,,,,200,https://www.w3.org/TR/webxr/,authoritative web specification/documentation,https://www.w3.org/TR/webxr/,"web page, selected official definition paragraphs","The getPose( space , baseSpace ) method provides the pose of space relative to baseSpace as an XRPose , at the time represented by the XRFrame .",pose|XRFrame,Excerpt located by keywords; author must confirm that the cited passage supports the final manuscript wording.,PENDING_AUTHOR_REVIEW,AUTOMATED_RECORD_COMPLETE
R31,The browser Device Motion API defines acceleration and rotation-rate event fields and an explicit permission procedure.,,https://www.w3.org/TR/orientation-event/,NOT_APPLICABLE,standards/developer documentation,W3C Device Orientation and Motion,,,,200,https://www.w3.org/TR/orientation-event/,authoritative web specification/documentation,https://www.w3.org/TR/orientation-event/,"web page, selected official definition paragraphs","In light of that, implementations may consider visual indicators to signify the use of sensors by the web page. Additionally, this specification requires users to give express permission for the user agent to provide device motion and/or orientation data via the requestPermission() API calls. The acceleration attribute must return the value it was initialized to. When the object is created, this attribute must be initialized to null. It represents the device’s linear acceleration . The rotationRate attribute must return the value it was initialized to. When the object is created, this attribute must be initialized to null. It represents the device’s rotation rate .",permission|acceleration|rotation rate,Excerpt located by keywords; author must confirm that the cited passage supports the final manuscript wording.,PENDING_AUTHOR_REVIEW,AUTOMATED_RECORD_COMPLETE
R32,The Android sensor framework distinguishes hardware-based and software-based sensors.,,https://developer.android.com/develop/sensors-and-location/sensors/sensors_overview,NOT_APPLICABLE,standards/developer documentation,Android Sensors Overview,,,,200,https://developer.android.com/develop/sensors-and-location/sensors/sensors_overview,authoritative web specification/documentation,https://developer.android.com/develop/sensors-and-location/sensors/sensors_overview,"web page, first matching sentence",Some of these sensors are hardware-based and some are software-based.,hardware-based|software-based,Excerpt located by keywords; author must confirm that the cited passage supports the final manuscript wording.,PENDING_AUTHOR_REVIEW,AUTOMATED_RECORD_COMPLETE
R33,ADB is a command-line tool for communicating with an Android device.,,https://developer.android.com/tools/adb,NOT_APPLICABLE,standards/developer documentation,Android Debug Bridge,,,,ERROR:URLError,https://developer.android.com/tools/adb,authoritative web specification/documentation,https://developer.android.com/tools/adb,,,,Excerpt located by keywords; author must confirm that the cited passage supports the final manuscript wording.,PENDING_AUTHOR_REVIEW,MANUAL_RECORD_CHECK
R34,OpenXR locates a space pose at a specified historical or predicted time.,,https://registry.khronos.org/OpenXR/specs/1.1/html/xrspec.html,NOT_APPLICABLE,standards/developer documentation,Khronos OpenXR Specification,,,,200,https://registry.khronos.org/OpenXR/specs/1.1/html/xrspec.html,authoritative web specification/documentation,https://registry.khronos.org/OpenXR/specs/1.1/html/xrspec.html,"web page, first matching sentence",Locating Spaces Applications use the xrLocateSpace function to find the pose of an XrSpace ’s origin within a base XrSpace at a given historical or predicted time.,predicted|pose,Excerpt located by keywords; author must confirm that the cited passage supports the final manuscript wording.,PENDING_AUTHOR_REVIEW,AUTOMATED_RECORD_COMPLETE
