path,bytes,sha256
platform/project.config.json,1158,0ad231be5f92939fa6e2431b02dbd67a4333d367b9f58f409b1374cf92bd34db
platform/runtime/python-embed/Lib/websockets-16.0.dist-info/METADATA,6978,918b2fe38207665a087398b54267e77c9d643ce7706410016c9ef6a88b6e3030
platform/runtime/python-embed/python.exe,104952,1a078825122b059f04b6c1545909f1d3ed0838dd24ab80d1c7fa60ca68ff9af5
platform/scripts/adb_sensor_reader.py,16133,d54879c12e7e25da8a37c1f8fe3b8e89acaeff3f19c6fa761d5da494b748f9af
platform/scripts/ws_broker.py,2071,3bbc5f75ef956ca024211f6dd10e1455d434a00d334ddd5f91a854cd9a5e13a1
platform/sensor.html,29318,4e665486e1dafed3e342a3f747686eb200fbc8e6ed99c0c6b0f7f0dec6ee56b3
platform/src/js/modules/behavior-analyzer.js,11696,320f82fbbbd6ab78e16e1d9cf16783a65997a7b0a837a212db3dcb2f757ab553
platform/src/js/modules/data-mapper.js,7596,3c00fdbbc23e34c923c9f7c37e958a669f00b417c428ae510b0bbcaaf517a5eb
platform/src/js/modules/report-generator.js,26275,3e4598f8f8efa4ebc96d5273a8f7f1abbff4fcb3825e8788ac38688b5d325cdb
scripts/rebuild_evidence.py,76742,1bf7bdf6ad75613f18401c05316499db7342386093a222bd0692d355d3370ebc
source_annotations/Annotation_Protocol.md,3072,520b488065e01a4e651b51c0454109d97f2d4d9dc500c8389101d62d031a674f
source_annotations/anchor_audit.csv,1809,b6c3d29d756cf01b6730ea9d883b09f556df9414968d7aea4cd83a70ba7adc93
source_annotations/auto_alignment.csv,740,a03cdd0daaae6c9fb43a2fb769940360cf3964dc1d285586f1177334cece4f25
source_annotations/rater_a/S015.csv,9792,f864fc6dea6a35de3980cf16804c205ed847eb30f2d72d9fe2dc4a0273783710
source_annotations/rater_a/S017.csv,12327,0f5a23011d8e6dfe5e999c2d448e7db2ebc4ca0581a2f2915b7854337d7dd9b7
source_annotations/rater_a/S018.csv,12706,6b9c7fcaee0c2f2e746abec12d3fb1a02b8f99eb96f197bbd3aefa50ed89a6d9
source_annotations/rater_a/S020.csv,11048,fab20c6ef7c835e616bafb65b60c0a10a3828739e8ad9399a33dbaea7c49f52e
source_annotations/rater_a/S021.csv,12209,004034cc3995d953a47605fe28e02e4f492d152cb1f2752de531b6854d672b18
source_annotations/rater_a/S022.csv,12434,0408e83fb9fa7f4853095635c85ee012809df3f35dc335199836aacc2f7bad2e
source_annotations/rater_a/S026.csv,12416,f699c6c578ccd4a072ebd58aed7584df8373e43ab631ea8cc4ee56a19be62171
source_annotations/rater_a/S030.csv,20815,c5629339841bad42d42fc4bebc2d5e1336ba9c53a007772ca49d3d3d6380c51b
source_annotations/rater_a/S032.csv,19874,95cc7667727b2e158c5abe0d7c426267fd9d8dd78c3d32b3f4bd58b34cc6cddf
source_annotations/rater_a/S033.csv,20272,64d96c992ae96469084cc32cc301f5c26a0aa64e3caf48db934d1f1b152ffc12
source_annotations/rater_b/S015.csv,10819,1d8d00a4cc8384fe172874c371dfd90469f7099bc411db185d1fd3d0777df66f
source_annotations/rater_b/S017.csv,13589,87a5d681cbc2880b70939fb7ae2db7eb642950ab83e5af722e4de49094b51048
source_annotations/rater_b/S018.csv,14032,2df78c3be4df13584f3bd4fd3b9fd2411fa66a473ad29269810f69348fe93f61
source_annotations/rater_b/S020.csv,12181,043c4869fa5d65a50b3adf0b073f1b240509ca584b53570fcf85f02d805d9b0e
source_annotations/rater_b/S021.csv,13484,42441721eacb8a3c9ba800124a883b76b2b7770e7a454f4b85f2f30b4b2c8f41
source_annotations/rater_b/S022.csv,13633,77a311b4ce03f0df12c408f999352a06ccc276e61b29d090bdfffed43f311e08
source_annotations/rater_b/S026.csv,13901,0b1f105e1b5538eb6eeb47bb1c94c42b85f936317f905ac3c3858ee6c726bef6
source_annotations/rater_b/S030.csv,22857,447c30ca2548c7f56049b577be3df5ec482710c3e043d162b051540c13780bb9
source_annotations/rater_b/S032.csv,21833,323fffc3d5022533f9eebd493290f5babf44ebfe6737f58ed021b702b884cf35
source_annotations/rater_b/S033.csv,22215,498743d4451e5a95dfdc9ca5885fa314b19a9505f7ac0746db56e76d1148b1d1
source_annotations/标注_受测者15.html,34712,bc30b75750c47a55158c21a351addb3d7966981b81575510e30bf771dcf6b814
source_annotations/标注_受测者17.html,38237,99ad7131462a0a84567a5b1c81f54d6018c52728df937769f969646bf8da83a9
source_annotations/标注_受测者18.html,39144,da00fc8e7f85759157f819673e58c404b5e8fbd95ab85372f353d6ea7eaa026f
source_annotations/标注_受测者20.html,37170,7c0f2306e949fdb476f9754bc91e448389adb83aec3a8d28725bed1fd5377651
source_annotations/标注_受测者21.html,38066,30c27f403dad08819f1103cdfb18fdb796d31fa89803b9d5d4e4df95e9a551d4
source_annotations/标注_受测者22.html,38029,0deccb1627c83e3a53f3113f22bec0a0aca49e39385deb78252458be82a54c76
source_annotations/标注_受测者26.html,37657,639d069d84d509be83eb6d1c1fef6dac7bb7977d1f206fc5fddd4fa4221dbbd5
source_annotations/标注_受测者30.html,48968,053e0aadd8a5b1fa89242a7025ecae29bb10bf5251e33631cc68e39319f7037e
source_annotations/标注_受测者32.html,47715,3386bd30aae3fb0cd4d6a7c8d880940edceeb647bb85336ae492d0976655d041
source_annotations/标注_受测者33.html,47780,87132d9ba9fd202ab40c56161f055d4faee2432bb35597e6b33715ddc657bb0b
source_exports/IMU_S001_行为分析报告_2026-04-21-13-14.pdf,26536749,7e991a3e30ab195534654044bf6b66edabb229d0724b9f15551d4199e02e7efa
source_exports/IMU_S001_行为分析报告_2026-04-21-13-25.pdf,26536751,d74be89451b10ff53637400f10c0308685af94413487e8c5dabe9ee5906fd596
source_exports/IMU_S001_行为分析报告_2026-04-21-14-44.pdf,26536759,48328303eeb3c64ec93f87b04c9dba52c49657db0abc189533bd0a54a5330a9b
source_exports/IMU_S001_行为分析报告_2026-04-22-09-32.pdf,33237801,f5c4b0661d7108fc3eefc66e10d49cc7bed3f89896d6f06263ba05bbe4ad046d
source_exports/IMU_S001_行为分析报告_2026-04-24_10-18.html,8640,15f56949560bfae7fa6ffd2f458a682cf6ef94e4b8236d24c7804906e2ec485c
source_exports/IMU_S002_行为分析报告_2026-04-21-15-05.pdf,26536759,ceebb21fd64d2ac85f7e204e56d355c5b5b3c88f6fb6c492f593468e794647d2
source_exports/IMU_S002_行为分析报告_2026-04-21-15-47.pdf,26536753,7c9b023a12c143258e9a24f6c2fd1bcd17f44b457d4f977f1952f97e9647f00c
source_exports/IMU_S005_行为分析报告_2026-04-22-10-24.pdf,35989540,2ed3fddf1006b5fa5828d790f27f8d2f5e22349be335f78bc8305008a69fa089
source_exports/IMU_S006_行为分析报告_2026-04-22-10-43.pdf,38532889,0eb687c435b9cffc28c77afa92ac18d75404d5bce83664e4448643990a778647
source_exports/IMU_S007_行为分析报告_2026-04-22-11-07.pdf,38532388,45699cb0fc06ac82494d37114251cf66cc9bf71b2c9d305cafca4889e9aeb948
source_exports/IMU_S008_行为分析报告_2026-04-22-11-29.pdf,35989027,86e2f8d3ae04710136e152898cfda60607f17bdbc93e4c2967697b263296db50
source_exports/IMU_S009_行为分析报告_2026-04-22-11-52.pdf,38532378,cb3655e0dedcab02becfe4ffd615552df343a6b5f0091e5604222d68c9f18417
source_exports/IMU_S010_行为分析报告_2026-04-22-15-26.pdf,38532388,a41be4536ee5a2f8a83422f0f1f1d29c6c04f453d1e1063900dfd1346dca6164
source_exports/IMU_S011_行为分析报告_2026-04-22-15-47.pdf,38532376,236a510cc54341a2720efdba158411322dfb327da3fd491db1d26cdfc84e1e51
source_exports/IMU_S012_行为分析报告_2026-04-22-16-06.pdf,35989030,343030231ef0c8c5a471a62754c448826ef97084fd0eea96ad58ba039af4c8ce
source_exports/IMU_S013_行为分析报告_2026-04-22-16-28.pdf,38531350,3fe02e50349f1bae3935d312bb04fe094a7b4ca688f7118951a3cce4b5f5ab36
source_exports/IMU_S014_行为分析报告_2026-04-22-16-47.pdf,35989027,d4927355337ba0bcdf70812acb51662a89d74d06afef3e54cc0f0ec645b2c8f4
source_exports/IMU_S015_行为分析报告_2026-04-24_08-41.html,27474,7f5960b316c1aef020e9c33055025deaa6670f35e10ad74cbcdb6b673353a658
source_exports/IMU_S017_行为分析报告_2026-04-24_10-39.html,43820,812af6cb0f81925c281f23976c4898a16bef187f5eb4dc8caed68c19c6c1ce55
source_exports/IMU_S018_行为分析报告_2026-04-24_10-59.html,48367,5cdd64023bd3c92c4a5085672d9821b3306bb7c7e7c1ee576b5061e0765a4bfa
source_exports/IMU_S019_行为分析报告_2026-04-24_11-15.html,53860,b02b011122751af0a97ca091a9e7844ae6b28dc8d5cd4e7b5b073e3f469d054a
source_exports/IMU_S020_行为分析报告_2026-04-24_11-42.html,40030,8c0de026ac99308f1ccc66960f2026df69c407fd2668698b8fe08344f21efb5a
source_exports/IMU_S021_行为分析报告_2026-04-24_14-01.html,31161,2087091b7c38672cf81759ee327169708fbcfcba3804d494955c9c0fdd770145
source_exports/IMU_S022_行为分析报告_2026-04-24_14-15.html,48546,aa4a648b0c1917d255226f4de1404b629c52a7df846511737bcdfb3cf79fd2cd
source_exports/IMU_S023_行为分析报告_2026-04-24_14-35.html,51107,2f456700c5a68672c8004f207d7a271d20b995edd44171833ac9404c543d4134
source_exports/IMU_S024_行为分析报告_2026-04-24_14-49.html,50351,a22f9ee6f736dcf2f5a659de7a638422c0fd12d1bce10fa9495b414ca0ff7fca
source_exports/IMU_S025_行为分析报告_2026-04-24_15-04.html,48572,6cda1dfbdf7f5d7e11ba9c1668102370839c92a38ad80c7ba8bc6f9cafbb0805
source_exports/IMU_S026_行为分析报告_2026-04-24_15-57.html,46486,03dc77925cd6ead0ae15864f33770b4c97f431c5a27f0b46710e4504761b3b0e
source_exports/IMU_S027_行为分析报告_2026-04-24_16-38.html,41341,3f539b704541aab95900df51f21b0a04550eb9a65a102f5892e5f371e5b6d62f
source_exports/IMU_S028_行为分析报告_2026-04-24_17-24.html,27883,bbcff8048f40f3f647c2bd4a8ad9112c3839e8b344755da8a057e8bf7e22ab01
source_exports/IMU_S029_行为分析报告_2026-04-24_17-41.html,70723,410d527a3c824fde682f95e614964de764098ccaf323759b4ce9e2364bb9c4ff
source_exports/IMU_S030_行为分析报告_2026-04-24_17-57.html,63061,d2c6d3d48efe5c019cd922a473587b5ed2f1aa141165ad12a682e0b8b349159d
source_exports/IMU_S031_行为分析报告_2026-04-24_18-14.html,73230,fce0aca92c49f99a07cbd300717aa61b85e4e12380bc6d0f8e08b548fed757e7
source_exports/IMU_S032_行为分析报告_2026-04-24_18-33.html,56099,bf5dec47b48f0ddb58fafcb48afb391a71ebbba841b9b2f6e14a2fbdaa6f7810
source_exports/IMU_S033_行为分析报告_2026-04-24_18-49.html,74376,6f52e829924078a8d28cb125bf29d6cf94e336729c5afa2e25f9a2eaea7ee744
source_exports/IMU_S034_行为分析报告_2026-04-24_19-08.html,51544,04187a8dadff79068fe15a7e7416262a46caefdc871d1c4312b182dc942dff59
source_exports/imu_analysis_1776754772978.csv,45948,02af121de5c15b4e46036ca93ac73d44bb29e254a40014ea5eecbdf47ea1f8f4
source_exports/imu_analysis_1776821554249.csv,166144,778436618cb9f5a958077d1c6da1726ab69c03099c4b605c698c207214d8f3b7
source_exports/imu_analysis_1776824662730.csv,101512,080dc2e85518373ce030bd10c6352e64ae092141792833b9fb05c3c6d76c5389
source_exports/imu_analysis_1776825800472.csv,94785,392dcc9df76893380c77378292d4c20cc55360507c1011aa0dd22f47a73a5aaa
source_exports/imu_analysis_1776827240332.csv,89533,235275a7afcc0995fd13828c4add37138ecad349f84589be4e5b804c6f4539f8
source_exports/imu_analysis_1776828552202.csv,93755,4df10b6f8a2b2ef5ef740a3309da9150c4a109ae7c026c5594431b5cb3267be7
source_exports/imu_analysis_1776830107430.csv,121115,203782b2af7d3a45e438e9eb23705e5574281772da6c07fd60bfc29707f55fbd
source_exports/imu_analysis_1776842825545.csv,92152,6ba0fc49950ee027131acf0ededde465878091cb38286eb25975fc6e2c328e8d
source_exports/imu_analysis_1776844051112.csv,83105,d2f07cd9a3a4abf23d91ef5cb0311a3d7ec42d0325f0e5b8e0f0e790a1933fb9
source_exports/imu_analysis_1776846533989.csv,71937,5a86c888d9788eabd08dd5e96c132e191819df9519b9f2147f336a43a6e3e5f4
source_exports/imu_analysis_1776847632327.csv,93765,2479a8677767e7206154bcaf5d53f2d721f1bb0502bd43fd0cc79e08d22e057a
source_exports/imu_analysis_1776991265337.csv,46677,d3417cfc5bf634368e3718ba7395ab06be602f6343606d98d5ec83a531050ebb
source_exports/imu_analysis_1776998386020.csv,57897,0b8d4fc0326ebe68cb1ff9399bd1a9903cdc98d6cfb06a6ccbe2f10911d5f2dd
source_exports/imu_analysis_1776999562464.csv,60386,b72540662b11c8e88d505113eff883a673628479aac52720b08aa05d7ed558fc
source_exports/imu_analysis_1777000526552.csv,58050,4086dddebd088d4e0a25025907300cf7fcfb3ee83fee54b2a9afd2da14e13d96
source_exports/imu_analysis_1777002144701.csv,53308,a23b258e2318a47bef77ae0725ca0a6fdae5525e69d5a2e1d8b4675bdd8c9557
source_exports/imu_analysis_1777010515392.csv,57334,1d6ace047743cbd06153d94a4fbccf78fdd1fbf45821a0f418bd4da34cafedaa
source_exports/imu_analysis_1777011363810.csv,57591,54789063fa7ff490f99ac0be58d706585f22aae07dfcbee2538245630a1bf1d3
source_exports/imu_analysis_1777012565224.csv,57893,bdbb937216bef6b78f4e9640560643da2bbb03384fbfcebdb21b1ea5b79e3e34
source_exports/imu_analysis_1777013387851.csv,58540,7660a6a2596a01a23b37fc4507f0a027dac08676e11fc6a3b5c57da0b0c463a9
source_exports/imu_analysis_1777014295491.csv,58292,6846892dd8699e36713b75d3b7b3b51307c539dd8462ed72c7b6bd592ab6c87f
source_exports/imu_analysis_1777017440813.csv,55953,807ed8e65ba64821c0b555610d33d4ef7f8415f0b57da2581bc690f6b53a5960
source_exports/imu_analysis_1777019914575.csv,90638,bc2daab2c09db91fed1b721aee7a0cbd2f58596f79115916358ad08f611e9ebd
source_exports/imu_analysis_1777022706323.csv,47606,8fc12eeff04a7bca585f45d9f6fee9d1899ce1addb245c68766b1c6df8b280c3
source_exports/imu_analysis_1777023729187.csv,91018,3c77ff59abf4b3d673054f95729f0fcf0d39c764b6a9a4e48e5fdd353d0a3943
source_exports/imu_analysis_1777024675993.csv,94029,64dee45b39f0a88fac39f8ac0a7e2f93a19d2f8cdd4ac385d00f37157bff814b
source_exports/imu_analysis_1777025679136.csv,90928,36fc14a65b049858373e5a7684d9243788474ea92c8985f4f54d008f5aaa1975
source_exports/imu_analysis_1777026812944.csv,89679,94e433c0a3bb6a14cb603acb9ced4fda8d1032a934f93af7de727352f8bb2fa3
source_exports/imu_analysis_1777027785844.csv,89900,6a31411ea09a1f88b5284868c2db38b77b532b09a5cb86284c0d8136c9a5badc
source_exports/imu_analysis_1777028938686.csv,86352,743bebf3f0815440192dbd15c2e0df95eea43d73249576492337b11061f85424
source_files/auto_align_videos.py,8849,f5d4195634c76c2515c0e1d6fd7f359cb187873e30d87ee3082f873038654fdd
source_files/build_annotation_tool.py,33127,676e83f20d5dcdc562aef9fd76c58624d7654956f2c66520201f7b15f52fe422
