threshold,perturb_pct,gaze_pct,head_turn_pct,idle_pct,sudden_turn_pct,scanning_pct,postural_shift_pct,max_abs_shift_pp,mean_abs_shift_pp
sudden_gyroMin,-30,59.3634,19.5419,12.0442,7.9663,0.0,1.0843,2.5823,0.8608
sudden_gyroMin,-20,59.3634,20.7433,12.0442,6.7649,0.0,1.0843,1.3809,0.4603
sudden_gyroMin,-10,59.3634,21.5484,12.0442,5.9598,0.0,1.0843,0.5758,0.1919
sudden_gyroMin,10,59.3634,22.1242,12.2635,4.9104,0.0,1.3385,0.4736,0.1579
sudden_gyroMin,20,59.3634,22.1242,12.3857,4.5938,0.0,1.5329,0.7901,0.2634
sudden_gyroMin,30,59.3634,22.1242,12.4829,4.3321,0.0,1.6975,1.0519,0.3506
sudden_gyroStdMin,-30,57.0553,19.6416,11.2216,11.0795,0.0,1.002,5.6956,1.8985
sudden_gyroStdMin,-20,58.0872,20.7134,11.6204,8.5471,0.0,1.0319,3.1631,1.0544
sudden_gyroStdMin,-10,58.9471,21.5584,11.8996,6.5331,0.0,1.0618,1.1491,0.383
sudden_gyroStdMin,10,59.7373,22.7149,12.2311,4.2199,0.0,1.0967,1.164,0.388
sudden_gyroStdMin,20,59.9392,22.9268,12.2909,3.7414,0.0,1.1017,1.6426,0.5475
sudden_gyroStdMin,30,60.0738,23.0564,12.3333,3.4348,0.0,1.1017,1.9492,0.6497
scanning_gyroMin,-30,59.3634,22.1242,12.0442,5.384,0.0,1.0843,0.0,0.0
scanning_gyroMin,-20,59.3634,22.1242,12.0442,5.384,0.0,1.0843,0.0,0.0
scanning_gyroMin,-10,59.3634,22.1242,12.0442,5.384,0.0,1.0843,0.0,0.0
scanning_gyroMin,10,59.3634,22.1242,12.0442,5.384,0.0,1.0843,0.0,0.0
scanning_gyroMin,20,59.3634,22.1242,12.0442,5.384,0.0,1.0843,0.0,0.0
scanning_gyroMin,30,59.3634,22.1242,12.0442,5.384,0.0,1.0843,0.0,0.0
scanning_gyroMax,-30,59.3634,22.1242,12.0442,5.384,0.0,1.0843,0.0,0.0
scanning_gyroMax,-20,59.3634,22.1242,12.0442,5.384,0.0,1.0843,0.0,0.0
scanning_gyroMax,-10,59.3634,22.1242,12.0442,5.384,0.0,1.0843,0.0,0.0
scanning_gyroMax,10,59.3634,22.1242,12.0442,5.384,0.0,1.0843,0.0,0.0
scanning_gyroMax,20,59.3634,22.1242,12.0442,5.384,0.0,1.0843,0.0,0.0
scanning_gyroMax,30,59.3634,22.1242,12.0442,5.384,0.0,1.0843,0.0,0.0
scanning_gyroStdMax,-30,59.3634,22.1242,12.0442,5.384,0.0,1.0843,0.0,0.0
scanning_gyroStdMax,-20,59.3634,22.1242,12.0442,5.384,0.0,1.0843,0.0,0.0
scanning_gyroStdMax,-10,59.3634,22.1242,12.0442,5.384,0.0,1.0843,0.0,0.0
scanning_gyroStdMax,10,59.3634,22.1242,12.0442,5.384,0.0,1.0843,0.0,0.0
scanning_gyroStdMax,20,59.3634,22.1242,12.0442,5.384,0.0,1.0843,0.0,0.0
scanning_gyroStdMax,30,59.3634,22.1242,12.0442,5.384,0.0,1.0843,0.0,0.0
scanning_eulerDeltaMin,-30,59.3634,22.1242,12.0442,5.384,0.0,1.0843,0.0,0.0
scanning_eulerDeltaMin,-20,59.3634,22.1242,12.0442,5.384,0.0,1.0843,0.0,0.0
scanning_eulerDeltaMin,-10,59.3634,22.1242,12.0442,5.384,0.0,1.0843,0.0,0.0
scanning_eulerDeltaMin,10,59.3634,22.1242,12.0442,5.384,0.0,1.0843,0.0,0.0
scanning_eulerDeltaMin,20,59.3634,22.1242,12.0442,5.384,0.0,1.0843,0.0,0.0
scanning_eulerDeltaMin,30,59.3634,22.1242,12.0442,5.384,0.0,1.0843,0.0,0.0
head_gyroMin,-30,59.3634,28.742,5.8451,5.384,0.0,0.6655,6.6178,2.2059
head_gyroMin,-20,59.3634,26.3441,8.1208,5.384,0.0,0.7877,4.2199,1.4066
head_gyroMin,-10,59.3634,24.0883,10.2445,5.384,0.0,0.9198,1.9642,0.6547
head_gyroMin,10,59.3634,20.3868,13.6718,5.384,0.0,1.1939,1.7373,0.5791
head_gyroMin,20,59.3634,18.8838,15.0652,5.384,0.0,1.3036,3.2404,1.0801
head_gyroMin,30,59.3634,17.4306,16.4137,5.384,0.0,1.4083,4.6935,1.5645
head_gyroMax,-30,59.3634,19.5419,13.6469,5.384,0.0,2.0639,2.5823,0.8608
head_gyroMax,-20,59.3634,20.7433,12.8318,5.384,0.0,1.6775,1.3809,0.4603
head_gyroMax,-10,59.3634,21.5484,12.3383,5.384,0.0,1.3659,0.5758,0.1919
head_gyroMax,10,59.3634,22.1242,12.0442,5.384,0.0,1.0843,0.0,0.0
head_gyroMax,20,59.3634,22.1242,12.0442,5.384,0.0,1.0843,0.0,0.0
head_gyroMax,30,59.3634,22.1242,12.0442,5.384,0.0,1.0843,0.0,0.0
gaze_gyroMax,-30,53.2042,22.1242,18.2033,5.384,0.0,1.0843,6.1592,2.0531
gaze_gyroMax,-20,55.2905,22.1242,16.1171,5.384,0.0,1.0843,4.0729,1.3576
gaze_gyroMax,-10,57.4989,22.1242,13.9086,5.384,0.0,1.0843,1.8645,0.6215
gaze_gyroMax,10,61.1107,22.1242,10.2969,5.384,0.0,1.0843,1.7473,0.5824
gaze_gyroMax,20,62.5988,22.1242,8.8088,5.384,0.0,1.0843,3.2354,1.0785
gaze_gyroMax,30,63.9647,22.1242,7.4429,5.384,0.0,1.0843,4.6013,1.5338
gaze_eulerDeltaMax,-30,59.3634,22.1242,12.0442,5.384,0.0,1.0843,0.0,0.0
gaze_eulerDeltaMax,-20,59.3634,22.1242,12.0442,5.384,0.0,1.0843,0.0,0.0
gaze_eulerDeltaMax,-10,59.3634,22.1242,12.0442,5.384,0.0,1.0843,0.0,0.0
gaze_eulerDeltaMax,10,59.3634,22.1242,12.0442,5.384,0.0,1.0843,0.0,0.0
gaze_eulerDeltaMax,20,59.3634,22.1242,12.0442,5.384,0.0,1.0843,0.0,0.0
gaze_eulerDeltaMax,30,59.3634,22.1242,12.0442,5.384,0.0,1.0843,0.0,0.0
postural_accMin,-30,58.8948,22.1242,11.5531,5.384,0.0,2.0439,0.9596,0.3199
postural_accMin,-20,59.0942,22.1242,11.7525,5.384,0.0,1.6451,0.5608,0.1869
postural_accMin,-10,59.2612,22.1242,11.9146,5.384,0.0,1.3161,0.2318,0.0773
postural_accMin,10,59.4357,22.1242,12.1713,5.384,0.0,0.8849,0.1994,0.0665
postural_accMin,20,59.483,22.1242,12.2785,5.384,0.0,0.7303,0.3539,0.118
postural_accMin,30,59.5254,22.1242,12.3557,5.384,0.0,0.6107,0.4736,0.1579
