path,sha256
.gitattributes,b20f4e0570dde2ae1f7b4acea007330f363eb1346997e7b93765df283f38e706
.gitignore,b09e574a3eb205206c9630e3c9d258a7299a0be0291e2991932158114f178a23
DATA_DICTIONARY.md,0dbb814687c3cea171bd07e77551752205741fd8c006d81653c83dcd2bf9d61d
evidence/ablation_summary.csv,72318d05d600d4e1c6ef09c6e82dd2014f779cf38f043efca08c63ac35fa3d53
evidence/annotation_agreement.csv,130a41a447afd992284576d258a2b6a251b0c93267f3d345082be8f6ac450291
evidence/annotation_alignment_audit.csv,16a132cc7535d0ebf2e6fc21b2afd7daf0d7d8a931ece24ebaacea60e70c301a
evidence/annotation_bin_outputs.csv,4f96fcf2e3bd925d9cfb329b08a86480a8f87786cf9c47c02be08312f92df6cc
evidence/annotation_candidate_selection.csv,73ef98b720652d8a06115fcc26142bcca2672c2daadfcc5e9b866fd9e3968f00
evidence/annotation_confusion_long.csv,6ede5235b005d7f835937a9d48b1bdef71ff2f7b93b76ae55cb1f6152159ee4a
evidence/annotation_interface_audit.csv,d2236856b9fac0b17044dd30a37bee150290481479a537f280bcbd9b3f6e6e32
evidence/annotation_prevalence.csv,8419cee14bc1fb1f76079cac6f67d1b3d4c6524127d72e36b9e29b2ef5e11acb
evidence/annotation_return_metadata.csv,2f99a8d9a4bab8be406af69edc2b8245c90636d4c225a6cff441e37bec5f78c0
evidence/annotation_sample_coverage.csv,e23178e5900b1769052bf8d403e35eef2c88c7c5657e0a0925093381525f7aa8
evidence/annotation_sensitivity.csv,120a1ebc65996a7c9e1e80c0bd220614f9a74b12245b27b0111c8733c5743434
evidence/channel_eligible_denominators.csv,dc8340bf6535a82d8b31b1d2d9c76c7976b33b7de8a8aa6b948cf40a5658653e
evidence/euler_range_sensitivity.csv,296d5487e9afd1c90255dbb55ae46de76a043f8cbfcd7048bf6410f9e8e8cb08
evidence/evidence_summary.json,bbe5442eba78a3a6d25e4a0ac45b1c2dc9903091e380345a6b0130a5d8a41d06
evidence/exact_output_counts.csv,ce3ee73696a0f9617f6626699a64f5d1739223c129c6d62fd8ca8a69914fdfac
evidence/gap_matched_legacy_by_session.csv,24b2b38ef7519936e8a0fd07b88a3f12766dafc97c10be5d60e1ec0bcb969873
evidence/gap_matched_legacy_outputs.csv,c2cc86102931d013e454e293e1afed04246c2005aa59b9f8cc4d14b75e6b3590
evidence/gap_matched_legacy_summary.csv,e4aa9b8f889f9f4d09c1bb1ded1b91042100622703abec7cc7207dd29972ed06
evidence/participant_flow.csv,0ced4de03ee3a5663e8015748ee305efbe112082e87df0d8fa06ec15e1d54f27
evidence/path_comparison.csv,1adde99447a68794903582c0c50c3e17f97695857dc6c735a5beed0d0a74c2c6
evidence/reference_claim_audit.csv,385412ae04d28fc50860586f893fe4d56a7311ecb930e01bb5d1c46817b06415
evidence/residual_output_audit.csv,75951f7f0703e012fe34dcf845e0029e63a2519c2c5a93d6d658f949dcb8cf36
evidence/rule_distribution_by_session.csv,8844b582bcae93854f1aa7fd340713b5165623358688bb6d8eb869f9a71fa787
evidence/rule_distribution_summary.csv,96775d1e2970a097a026fd212083c62843e0bc1e5f9a9ccf0d9a97890e4cd859
evidence/session_qc.csv,20ef6b11e215b245740585d1ac04c243e10078d6d25c33286d5b1e6e640d7fb0
evidence/sha256_source_manifest.csv,5394a27cdc8bdad6d7f5e621207ce23fc415f1107f4506cbad215841b7822f1e
evidence/software_version_audit.csv,aba81a56843498374a08364321fdfe117d782f1a2a0d96908939c4dd972b65c2
evidence/threshold_one_at_a_time.csv,acd1686bdcaebe0c604c3a80e2688d79bd4a79919407b53cff65119436615360
evidence/threshold_sensitivity.csv,054855b65d2678492a1e8fe93fb4b74f1dd4eda376714f0f9b04288a2e20de7e
evidence/time_window_outputs.csv,32b1fd599aab3db0d4d0ce671ae7f9646521d0c636073ad22afb357f19fcb6e3
evidence/transition_group_summary.csv,3eaada4251e2a80769e9677a8a8d3a2ba7881db7b815a1a71149190985fcb75a
evidence/transition_matrix.csv,836cf5dc66de53dc14066efc3acddbec895170596ca0e66ad5f77488183a2cb7
figures/figure1_reanalysis_workflow.pdf,19bcb470da2b6f97083dfd4c8963e879cb91e9425c3e74a69efc07948140c4d4
figures/figure1_reanalysis_workflow.png,903bd4579761c5132e7a5cb98cf65a15210c8211fc000937847b2571a5815542
figures/figure1_reanalysis_workflow.svg,2789f9d71816a404b8013fe8adcb2225a96345388d90f74aaf09b4fbd5a775fa
figures/figure2_output_composition.pdf,53caf193f7338717fa44861b2f7cc7db9b5fbd07d67b995edc2431696a421ff5
figures/figure2_output_composition.png,a5a004f0b73e12d88d9a56569cb5a4f2fcde17775959688b4114732c6c04c4b1
figures/figure2_output_composition.svg,ead35dcb956b3ddd8d2e4a4969d8e310ca87eedd82a16d8062472b87458a1344
README.md,85ea406170c5c22ec97f12bf949fc392494c92062172648bcf48dc3e93bc4887
references/bibliography_verified.csv,78da637843380c5d0045193ea7caed49a080df3586766b8975aa87545d8a69b4
references/reference_audit_summary.json,6ba9cfdeafb3a9fd5636d98accb609ab33cd3b8a58cd7c60a371e53b665c18ea
references/sensors_motion_export_audit.bib,53bb9827ca7da3f0f5f5d110a5091512856726396a23f1527eb8fa6470495238
references/sensors_motion_export_audit.ris,bc8d85c7ea9673c177a4dfb99716ed46c1a975d136d7dcf8b7c4b0487d5d5135
references/sensors_route_audit.bib,11c21120372968f3103f2b2dac745035e2143041b1237fadef2da66dd939c22d
references/sensors_route_audit.ris,590a70a7f53b4270626389642131b816ae42fcb1da43a56fbc2f66664acf7b49
requirements.txt,d743732b5b7f0cdf0df20d5d4a4a06f35322507f461a751b537c618c6e0c6c0a
scripts/build_figures.py,c9672dc5c95a0eb5f834b90e32fcdc31816f704e32b34a505e08f5d43092dea3
scripts/check_package.py,d1ce9d40ea8265167f7d578db20c3b6a493df366bd395aa640937025bd43cbdc
scripts/reanalyse_revision.py,85caedae8b2af81e9aa129bed405f7fcd374c58f8badc0d470335a90c905acbb
scripts/rebuild_evidence.py,1bf7bdf6ad75613f18401c05316499db7342386093a222bd0692d355d3370ebc
scripts/verify_references.py,a1dd63a0e16ac16423ba6038cbebdf59e05aacbc7bebcd590b6e3b593c2fd31d
study_metadata.json,f3219a3af5b11f8ad564341b69f706ae292d50633b3b0c5f4fd75dc372a2ddc8
tests/test_gap_matched.py,838a621a53174719496663bbe1d75f21f92a88d357e005a47c90d0993b29a537
tests/test_public_revision.py,3a935fbe33ccf6fd8218eb407dda012fb3f97ad4e233ee4ac507c670a6023fe7
tests/test_rebuild_evidence.py,f3c4651bb3eb69911899dada9189fffd6583e7b6b19c9bda3e24aaad058ba656
tests/test_verify_references.py,fd48f9d7cc071aef9934f4362891261563b65e34d13739d4b1153a343756a40a
